tag,claps,responses
'aws',1026724,9214
'google-cloud-platform',736748,6458
'serverless',423493,3595
'devops',299442,2481
'azure',230897,1758
'aws-lambda',191792,1666
'machine-learning',187669,1735
'docker',184208,1733
'cloud-services',180324,873
'kubernetes',179401,1458
'javascript',169074,1570
'firebase',160646,1256
'tds-features',154499,1629
'python',148036,1424
'nodejs',139802,1587
'google',122839,678
'amazon-web-services',114686,844
'cloud-functions',98036,710
'big-data',85888,711
'react',80558,654
'security',80340,815
'containers',78621,566
'blockchain',76275,763
'cloud-native',70121,394
'api',65406,414
'gcp',63324,518
'artificial-intelligence',61092,626
'paas',60519,380
'cloud-storage',60048,488
'microservices',56065,494
'terraform',53886,542
'graphql',53154,550
'deep-learning',51914,614
'amazon-s3',49320,110
's3',48982,156
'software-engineering',48780,470
'golang',43538,270
'aws-s3',38986,26
'photography',38602,6
'google-photos',38212,0
'google-play',38200,0
'google-chrome',38200,0
'angular',37080,250
'aws-appsync',36678,248
'cryptocurrency',33801,335
'engineering',33668,190
'ux',32778,182
'hybrid-cloud',32476,261
'microsoft',32454,336
'firestore',31814,192
'google-cloud',30907,194
'bitcoin',30097,169
'tensorflow',29340,414
'iaas',29138,190
'snowflake',28906,175
'b2b',28156,306
'java',28008,176
'aspnetcore',27234,130
'bigquery',26890,156
'cloud-firestore',26600,146
'cloud-sql',26394,108
'azure-functions',26302,162
'aspnet-mvc',26222,94
'webapi',26222,94
'continuous-delivery',25874,236
'google-cloud-functions',25096,232
'postgresql',24646,104
'cialTitle',24404,163
'sql',24390,110
'google-cloud-storage',24350,114
'data-archiving',24000,159
'serverless-architecture',22838,148
'compute-engine',22394,208
'aws-api-gateway',22356,286
'continuous-integration',22082,342
'firebase-cloud-functions',21890,184
'rest-api',21544,40
'open-data',20756,24
'ethereum',20668,262
'laravel',20496,192
'ec2',20236,222
'microsoft-azure',20052,140
'linux',19614,134
'reactjs',19578,136
'cloud-build',19324,162
'growth',19190,148
'cybersecurity',18662,140
'apache-beam',18437,108
'google-cloud-run',18416,122
'spring-boot',18404,160
'google-cloud-dataflow',18052,100
'indian-startups',18000,122
'ux-design',17968,204
'chennai',17576,96
'elasticsearch',17212,98
'infrastructure-as-code',17154,172
'bootstrapping',16944,536
'iot',16842,106
'pricing-strategy',16374,94
'design-best-practices',16148,158
'saasboomi',16000,58
'elastic-beanstalk',15996,224
'internet-of-things',15918,168
'vuejs',15654,102
'flutter',15288,82
'vpc',14794,152
'science',14784,188
'ui',14712,184
'hashicorp',14710,90
'nginx',14030,168
'private-cloud',13864,124
'react-native',13464,152
'aws-glue',13354,100
'cloud-scheduler',13132,140
'edge-computing',12928,24
'innovation',12864,18
'crypto',12637,116
'event-sourcing',12636,42
'aws-amplify',12636,84
'gpu',12574,186
'inbound-marketing',12440,70
'jupyter-notebook',12432,98
'cloudformation',11952,184
'oauth2',11796,82
'earnings',11772,76
'content-marketing',11738,68
'mongodb',11448,122
'public-cloud',11436,76
'growth-hacking',10874,94
'flask',10860,62
'sales',10712,200
'twitterbots',10600,48
'azure-kubernetes-service',10456,56
'point-cloud',10400,164
'voxel',10400,164
'hands-on-tutorials',10400,164
'space',10366,62
'saas-marketing',10338,236
'websocket',10326,74
'practical-guides',9840,58
'net-core',9584,76
'pub-sub',9546,120
'aws-ec2',9468,62
'nats',9400,16
'nats-streaming',9400,16
'angularfire2',9400,0
'ui-design',9228,106
'elastic-container-service',9200,148
'bitbucket-pipelines',9200,148
'saas-security',9200,14
'stripe',9158,76
'google-colab',9148,84
'sagemaker',8996,70
'cloud-security',8884,105
'auth0',8868,88
'service-broker',8800,26
'tips',8732,38
'redis',8722,48
'web-hosting',8696,96
'pandas',8628,26
'hashicorp-consul',8400,58
'percolate',8316,0
'rackspace',8278,0
'expressjs',8202,88
'日本語',8200,0
'bitcoin-mining',8188,64
'startup-lessons',8186,56
'aws-ecs',8104,90
'app-engine',8080,100
'cloudfront',8070,36
'careers',7910,118
'spring-cloud',7894,60
'ruby-on-rails',7712,70
'metrics',7708,90
'web-apps',7656,4
'azure-devops',7611,86
'universe',7400,44
'nasa',7400,44
'physics',7400,44
'athena',7400,72
'github',7300,42
'slack',7228,50
'cloud-migration',7156,94
'google-app-engine',7148,96
'kafka',7114,106
'podcasting',7000,12
'anchor',7000,12
'google-compute-engine',6932,74
'polkadot',6892,38
'cognito',6840,34
'google-cloud-pubsub',6804,42
'vue',6800,44
'virtualization',6736,32
'dynamodb',6702,62
'founders',6620,20
'influxdb',6600,42
'timescaledb',6600,42
'cronjob',6600,42
'mapreduce',6600,68
'airflow',6593,74
'pyspark',6528,76
'cloudflare',6518,66
'load-balancing',6416,60
'cloud-messaging',6410,36
'cloud-vision',6400,32
'container-instances',6400,8
'service-fabric',6400,8
'azure-dns',6400,8
'azure-cloud',6400,8
'saas-metrics',6278,36
'amazon-sagemaker',6214,78
'aws-ebs',6200,42
'cloud-technology',6168,74
'pytorch',6108,40
'ci-cd-pipeline',5964,58
'arcore',5960,32
'decision-tree',5800,66
'aws-cognito',5746,52
'jenkins',5694,40
'ios',5676,44
'digital-marketing',5616,24
'xaas',5506,72
'apollo',5482,34
'google-cloud-shell',5466,46
'clean-architecture',5422,58
'angular-6',5400,10
'nuxtjs',5400,36
'saastr-annual',5400,28
'appsync',5382,50
'customer-success',5318,100
'apple',5244,66
'dotnet',5210,56
'kvm',5200,4
'xen',5200,4
'azure-pipelines',5192,38
'creative-career',5126,66
'packer',5120,28
'vertex-ai',5076,10
'sns',5026,28
'swift-programming',5000,0
'data-lake',4996,37
'cloud-endpoints',4902,78
'neo4j',4884,48
'application-load-balancer',4812,40
'apache-parquet',4800,74
'tutorials',4770,10
'business-intelligence',4706,14
's3-bucket',4618,30
'aws-cloud',4604,34
'online-storage',4602,10
'community',4600,10
'ethereum-mining-on-aws',4600,36
'mediafire-desktop',4600,10
'service-mesh',4546,40
'cloud-foundry',4526,20
'data-security',4476,18
'netflixoss',4476,46
'marketing-strategies',4466,58
'cloud-mining',4464,28
'computer-vision',4424,34
'bill-of-materials',4412,30
'product-marketing',4402,18
'learning-to-code',4402,24
'example',4400,28
'modeldeployment',4400,16
'scikit-learn',4364,70
'ar-cloud',4350,44
'faas',4270,44
'strongnodeedge',4256,12
'dotnet-core',4247,40
'kotlin',4226,16
'elixir',4200,48
'e-commerce-solution',4200,52
'empreendedorismo',4200,30
'ceo',4200,30
'lessons-learned',4192,32
'data-visualization',4160,38
'collaboration',4126,32
'swagger',4102,10
'strongnode',4074,14
'alpaca-tutorial',4048,18
'container',4018,16
'proof-of-stake',4000,24
'polkadot-hello-world',4000,24
'parameterization',4000,28
'saas-survey',4000,28
'leadership',3978,64
'neural-networks',3966,36
'funding',3954,36
'microsoft-power-bi',3940,14
'aws-quicksight',3940,14
'zip',3892,42
'build',3874,20
'ci',3862,22
'adobe-xd',3848,14
'apache-spark',3830,52
'automl',3824,40
'prototyping',3800,14
'boltops',3782,36
'openstack-private-cloud',3720,14
'lambda-architecture',3696,22
'google-drive',3690,74
'alb',3664,34
'meetup',3600,20
'hackathons',3600,44
'internet-gateway',3594,40
'linedevth',3576,84
'gce',3568,54
'user-experience',3552,58
'gitlab',3482,34
'cloud-don',3480,12
'kinesis',3462,42
'virtual-reality',3450,34
'api-integration',3426,14
'ansible',3408,32
'gitlab-ci',3402,66
'kubeflow',3400,38
'a-b-testing',3400,20
'web-api',3400,22
'ubuntu-server',3400,10
'vmware',3382,2
'step-functions',3366,18
'mlops',3305,41
'fog-computing',3300,48
'rest',3288,20
'postgres',3270,40
'product-development',3266,30
'amplify',3248,44
'aws-iam',3242,32
'aws-kinesis',3236,30
'envoy',3234,14
'cloud-certification',3234,32
'cloud-best-practices',3208,42
'google-kubernetes-engine',3204,26
'gcp-next-17',3200,42
'app-mesh',3200,14
'modular-imports',3200,16
'imports-aws-amplify',3200,16
'modular-imports-with-aws',3200,16
'iam-roles',3200,32
'api-deployment',3200,20
'deeplearing',3200,28
'multitenancy',3188,20
'ipo',3182,16
'socketio',3160,8
'graphic-design',3138,48
'reinvent',3102,28
'mining',3098,24
'data-analysis',3046,16
'aws-vpc',3020,38
'advice',3000,12
'oracle-certification',3000,24
'line-messging-api',3000,82
'addiction',3000,12
'mental-health',3000,12
'aws-machine-learning',3000,38
'building-an-aws-pipeline',3000,18
'regulation',3000,0
'stream-processing',2998,18
'blockchain-technology',2958,64
'saas-product',2958,58
'azure-machine-learning',2914,4
'spring',2900,34
'covid-19',2826,34
'sql-server',2810,0
'vendor-lock-in',2804,28
'career-change',2800,18
'azure-container-instances',2770,16
'aws-vpc-endpoints',2762,12
'poem',2688,20
'continuous-deployment',2684,24
'payments',2682,14
'visual-studio-code',2680,40
'office-365',2674,54
'devsecops',2674,60
'data-pipeline',2668,24
'prometheus',2654,50
'openstack-public-cloud',2652,10
'iam',2650,34
'firewall',2644,30
'rabbitmq',2634,10
'nft',2632,24
'sqs',2626,12
'public-sector',2618,30
'aws-eks',2614,30
'solutionsarchitect',2600,22
'achievement',2600,22
'globalization',2600,0
'tech-for-good',2600,26
'osquery',2600,4
'lead-generation',2600,12
'azure-services',2574,28
'comparison',2556,24
'object-storage-services',2552,34
'dropbox',2544,58
'cpu',2510,14
'data-management',2500,24
'identity-management',2498,14
'azure-sql-database',2480,6
'kubernetes-engine',2464,32
'aws-step-functions',2448,8
'git',2410,26
'xoor',2402,22
'spacex',2400,18
'small-satellite',2400,18
'copywriting',2400,52
'ux-writing',2400,52
'microcopy',2400,52
'segmentation',2400,14
'cassandra',2398,24
'vpc-endpoint',2398,12
'azure-storage',2356,68
'crustnetwork',2342,44
'restful-api',2326,30
'life-lessons',2314,22
'india',2290,38
'retention',2278,8
'design-process',2272,22
'gitops',2270,18
'node',2227,32
'cloudwatch',2224,38
'kops',2206,20
'eureka-server',2200,22
'hashmart',2200,20
'openid-connect',2200,6
'job-hunting',2200,14
'micro-frontends',2200,8
'universal-rendering',2200,8
'the-andela-way',2200,10
'redshift',2200,2
'angularfire',2200,12
'dbaas',2200,0
'yazılım',2164,20
'yazılım-geliştirme',2164,20
'kodlama',2164,20
'girişimcilik',2164,20
'insights',2144,10
'big-data-analytics',2132,42
'dart',2104,10
'webpack',2096,24
'dcos',2086,16
'saving-money',2080,10
'azure-blob',2070,0
'turkce',2040,82
'azure-data-factory',2032,0
'design-thinking',2032,16
'google-cloud-sql',2020,14
'bastion-host',2018,6
'satellite-imagery',2012,8
'private-instance',2006,6
'art',2004,8
'data-transfer',2000,20
'google-cloud-sdk',2000,10
'memcached',2000,14
'dfinity',2000,82
'chaos-engineering',2000,22
'failure-injection',2000,22
'tracing',2000,30
'x-ray',2000,30
'labs',2000,14
'aws-devops',2000,10
'localstack',2000,12
'aws-dynamodb',2000,68
'framework-vs-library',2000,36
'aws-startups',2000,38
'taiwan',2000,4
'glue',2000,36
'nike',2000,36
'cross-account',2000,20
'france',2000,8
'saastock',2000,8
'node-red',1990,0
'identity-and-access',1980,28
'r-shiny',1976,14
'quarkus',1972,10
'blockchanneltv',1968,4
'cloud-sql-proxy',1964,10
'exam',1952,28
'sentinel-hub',1934,8
'sentinel-2',1934,8
'parler',1934,14
'content-moderation',1934,14
'sia',1930,20
'dating-advice-for-men',1926,48
'dating-advice',1926,48
'dating-tips',1926,48
'dating',1926,48
'singles',1926,48
'functions',1924,4
'functional-programming',1916,20
'managed-cloud-services',1914,18
'cockroach',1910,18
'redressement-judiciaire',1910,18
'resilience',1910,18
'databricks',1906,24
'public-relations',1904,16
'oort-cloud',1900,8
'sedna',1900,8
'astronomy',1900,8
'planetary-science',1900,8
'dockervskubernetes',1892,12
'event-driven-architecture',1890,12
'waf',1890,14
'spatial-computing',1888,8
'cloud-vision-api',1886,14
'spinnaker',1882,12
'cloudtrail',1878,34
'customer-development',1876,14
'tensor-processing-unit',1870,14
'distributed-computing',1870,14
'parallel-processing',1870,14
'influencer-marketing',1866,14
'hackerone',1864,24
'bugcrowd',1864,24
'pentesting',1864,24
'kusama',1862,6
'word-embeddings',1856,6
'google-cloud-stor',1856,12
'boto',1856,12
'ux-process',1844,10
'decentralized-cloud',1842,8
'data-warehouse',1838,16
'ecs',1838,6
'ruby',1826,10
'decentralized-storage',1822,8
'google-assistant',1818,4
'aws-cli',1818,18
'learn-gcp',1816,0
'aspnet',1810,14
'solopreneur',1810,18
'apex-network',1808,18
'masternodes',1808,18
'apex',1808,18
'haproxy',1804,16
'polkadotters',1802,8
'network-security',1800,42
'trust',1798,118
'build-a-saas-product',1794,20
'docker-compose',1790,26
'sentinel',1790,6
'iac',1786,26
'web-design',1778,38
'rnn',1778,32
'revenue',1764,40
'name',1752,22
'pwa',1734,34
'azure-app-service',1732,4
'ideas',1730,74
'medium-api',1716,12
'zuora',1712,4
'solutions-architect',1710,18
'investors',1710,4
'serverless-vue',1708,46
'serverless-offline',1708,6
'launch',1708,12
'permissions',1704,28
'cli',1702,6
'id',1700,22
'-computing',1700,22
'for-your-apps-ae6cce0efe11',1700,22
'imitedState',1700,22
'ibility',1700,22
'customer-retention',1700,12
'benchmark',1690,30
'open-badges',1682,12
'digital-badges',1682,12
'tenable-eng',1682,26
'sdk',1678,0
'arduino',1674,20
'apache-kafka',1672,12
'operations',1664,26
'event-driven-systems',1664,8
'dynamodb-stream',1664,8
'dynamodb-trigger',1664,8
'sobriety',1660,0
'wordpress-web-development',1656,8
'glucosio-dev',1652,14
'history',1652,18
'archaius',1646,44
'astyanax',1646,44
'distributed',1646,44
'actions-on-google',1640,2
'features',1626,18
'rds',1626,16
'notes',1624,8
'lightsail',1624,8
'aws-msk',1612,22
'iaas-security',1606,0
'enterprise-security',1606,0
'casb',1606,0
'casb-security',1606,0
'azure-sentinel',1602,4
'sPubli',1600,6
'bert',1598,2
'solution-architect',1598,8
'람다',1586,8
'iopipe',1586,8
'learn-to-code',1582,16
'react-hook',1580,12
'aws-fargate',1576,6
'kubernetes-cluster',1556,12
'gathering',1552,0
'awe',1552,0
'ai-transformation',1548,12
'advanced-analytics',1548,12
'n26',1544,8
'marketplace-software',1544,4
'future',1542,28
'alexa',1540,14
'nlp',1540,22
'study',1538,30
'lambda-function',1522,14
'fcm',1520,32
'colors',1518,22
'jupyter',1514,4
'quantum-computing',1506,12
'apollo-client',1500,14
'money',1498,4
'ds-in-the-real-world',1498,2
'decentralized-finance',1498,26
'future-of-finance',1498,26
'ipython',1494,26
'cyber-security',1494,26
'sentiment-analysis',1492,24
'redux',1492,6
'ssd',1490,38
'nvme',1490,38
'testimonials',1488,118
'social-proof',1488,118
'life-with-lima',1484,6
'azure-active-directory',1482,22
'datastax',1474,24
'google-container-engine',1474,10
'hpc',1468,6
'makers',1468,16
'unit-testing',1460,14
'dialogflow',1456,26
'azure-sphere',1446,0
'content',1446,4
'cloud-native-geospatial',1442,20
'email',1434,28
'quora-partnership',1434,26
'voice-assistant',1430,26
'minio',1426,0
'saml2',1424,52
'simpleemailservice',1422,28
'openshift',1414,12
'distributed-ledgers',1414,2
'configuration-management',1410,26
'protobuf',1410,12
'aws-sam',1406,14
'mobile-app-developers',1404,12
'ec2-instance',1392,16
'software-as-a-service',1380,0
'observability',1374,30
'reliability-engineering',1374,44
'6d-ai',1374,28
'ubiquity6',1374,28
'blue-vision',1374,28
'scala',1372,20
'nextcloud',1372,32
'ddos',1368,14
'lean-startup',1368,14
'aws-solutions-architect',1364,16
'aws-cloud-practitioner',1364,16
'lima',1356,18
'personal-cloud',1356,18
'circleci',1348,44
'certifications',1346,10
'mastery',1346,10
'static-react-websites',1328,20
'entrepreneur',1328,6
'nat-gateway',1326,28
'rust',1326,12
'weeknotes',1326,6
'reflection',1326,6
'public-service',1326,6
'suicide-prevention',1326,6
'server',1322,6
'cloud-strategy',1318,0
'apache-airflow',1316,50
'file-upload',1312,12
'pdf',1308,4
'accounting',1298,10
'mac',1280,20
'graph',1276,8
'aelf',1272,10
'aelfcommunity',1272,10
'google-anthos',1272,10
'api-first',1270,14
'venture',1270,2
'static-site',1264,2
'dataflow',1263,2
'ux-research',1254,36
'user-interface',1254,36
'zeppelin',1248,20
'azure-container-registry',1246,18
'parse',1238,36
'typography',1232,14
'resources',1232,68
'sturtup',1232,68
'madkudu',1230,4
'brand-strategy',1230,4
'e46793f8d',1200,6
'4f6858',1200,6
'a871',1200,6
'pings',1200,6
'filecoin',1198,18
'jonathan-caroll',1194,12
'power-bi',1188,16
'gmail',1178,10
'visual-studio',1176,2
'customer-service',1174,6
'netflix-eureka',1170,2
'boto3',1168,52
'grid-computing',1166,6
'morality',1166,6
'public-outrage',1166,6
'queue',1164,6
'saas-mvp',1164,38
'saas-development',1164,38
'cloud-management',1162,8
'acm',1160,14
'route53',1160,14
'incident-response',1156,0
'sysadmin',1152,6
'coinbase-eng',1148,30
'data-streaming',1148,30
'data-platform',1148,30
'government',1146,8
'firebase-admin-sdk',1146,20
'hedge-funds',1146,8
'aws-cloudfront',1146,28
'mern',1144,8
'multi-cloud',1142,4
'file-management',1138,10
'recurrent-neural-network',1138,14
'attention-mechanisms',1138,14
'container-reuse',1136,12
'picks',1132,2
'bitbucket',1132,8
'futurism',1130,16
'html5',1124,26
'finops',1122,10
'load-balancer',1118,10
'cloud-pak-for-data',1116,8
'fastaiv3',1116,0
'file-sharing',1112,16
'nacl',1110,6
'securitygroup',1110,6
'fsharp',1108,18
'plotly',1106,10
'go-to-market',1102,34
'encryption',1100,12
'mobile-vision-api',1098,8
'sonm',1098,10
'azure-storage-blob',1096,36
'numpy',1090,0
'ar',1088,8
'buildingthearcloud',1088,8
'nextjs',1088,8
'server-side-rendering',1088,8
'gis',1086,16
'virtual-private-cloud',1084,8
'products',1084,16
'trading-bot',1082,24
'binance-trading-bot',1082,24
'bitcoin-trading-bot',1082,24
'coinbase-pro',1082,24
'spot-instances',1072,10
'golem',1068,4
'coin-review',1052,18
'cloud-run',1046,26
'aws-appsync-graphql',1038,16
'ps3-cloud',1034,0
'playstation-3',1034,0
'playstation-plus',1034,0
'obiee',1030,8
'lambda-layer',1030,0
'python-pandas',1030,0
'graphql-applications',1028,12
'cryptoeconomics',1026,8
'fargate',1026,8
'icense',1024,41
'aws-codepipeline',1022,0
'sithum-devops',1022,0
'coronavirus',1020,14
'token-sale',1012,12
'ename',1011,10
'sofa',1008,10
'lifetime-deals',1008,34
'chrome-debugging-protocol',1004,4
'umOwnedAndOperatedCollectionIds',1000,10
'ps',1000,10
'public-thinking',978,0
'ata',977,6
'xt',977,6
'black-friday',974,34
'cyber-monday',974,34
'gadgets',968,16
'sso',968,10
'adapter-pattern',966,10
'world-war-ii',966,20
'death',966,20
'letters',966,20
'submarine',966,20
'beer',964,8
'insurance',958,12
'iaas-paas',956,0
'image-processing',954,6
'streamlit',948,10
'cppi',948,10
'cli-toolchain',948,8
'asset-management',946,8
'site-reliability',938,16
'product-experience',934,34
'china',928,0
'nodemailer',926,10
'supercomputer',926,10
'higher-education',918,0
'aws-govcloud',918,0
'azure-development',918,0
'smart-contracts',914,20
'reactnative',912,6
'ridocker',908,0
'loyalty',908,4
'beginners',904,2
'google-big-query',898,8
'caching',894,14
'lumen',890,14
'active-directory',886,14
'it-infrastructure',886,0
'outpost',884,8
'dadi',880,10
'system-administration',876,6
'ghcn',874,0
'weather',874,0
'fundraising',870,4
'cloud-native-buildpacks',862,0
'b2d',862,0
'leadership-development',846,8
'management-and-leadership',846,8
'business-models',842,4
'terragrunt',836,6
'2017-product',830,38
'strongnodeid',828,2
'chrome',824,0
'cloud-comparison',820,4
'personal-development',812,12
'shiba-inu',812,6
'haskell',808,2
'database-design',802,8
'instagram',802,8
'database-administration',800,6
'crm',798,2
'data-privacy',796,10
'saas-app-development',796,0
'product-as-a-services',796,0
'cloud-service-models',796,0
'mobile-gaming',792,4
'terra-platform',788,2
'founder-stories',786,2
'software-defined-networks',780,2
'web-scraping',780,14
'tokyo',772,0
'computer-services',772,0
'upload',770,6
'browser',770,6
'kpi',768,18
'senovo',768,18
'security-onion',764,4
'network-monitoring',764,4
'ids',764,4
'雲端服務',760,2
'star-schema',760,22
'ndex',760,3
'alizedTagSlug',759,3
'izedTagSlug',759,3
'lishToEmail',759,3
'us',759,3
'cloudcraft',756,4
'micronaut',752,26
'azure-event-hub',750,4
'tensorflow-lite',750,4
'crust',748,6
'serverles',748,6
'powershell',746,12
'disruption',744,0
'documentdb',740,8
'qlc-chain',740,12
'public-chain',740,12
'biweeklyreport',740,12
'monthly-report',740,12
'azure-database',740,22
'aws-database',740,22
'aws-storage',740,22
'data-mining-services',740,22
'project-management',738,12
'nlb',734,8
'elb',734,8
'firebasestorage',730,14
'cloudstorageforfirebase',730,14
'favorites',722,2
'fluidity',714,18
'subscribersCount',713,19
'lWidth',713,19
'a2d95',713,19
'4015bf',713,19
'ayTitle',713,19
'exable',713,19
'ap',713,19
'container-orchestration',712,4
'0094a1e0f',712,26
'essities.',712,26
'adata',712,26
'smart-home',702,0
'azure-cosmos-db',682,8
'openwhisk',672,2
'react-js-tutorials',660,14
'enterprise-mobility',660,30
'mobile-device-management',660,30
'iot-platform',660,30
'fraud-detection',652,16
'autoencoder',652,16
'openfaas',646,2
'google-cloud-endpoints',646,0
'uber',646,0
'biweekly',646,0
'lug',644,0
'uced-our-aws-bill-by-85-f3aced4e5876',644,0
'-f3aced4e5876',644,0
'cloud-associate-engineer',634,2
'azure-private-link',632,0
'google-cloud-scheduler',632,20
'work-culture',632,10
'network',626,0
'vat',624,2
'g-cloud',624,2
'robinfood',618,22
'food',618,22
'crowdfunding',614,8
'network-attached-storage',614,0
'grocery-store',614,0
'office-culture',614,0
'retail-industry',614,0
'workplace',614,0
'subscription',614,24
'itle',613,7
'oogle-cloud-ef8db3b99486',612,7
'seToPostResult',612,7
'google-pubsub',606,16
'strategy',604,2
'openvpn',600,32
's3-select',598,16
'cloud-trends',594,24
'cfo',594,0
'router',594,0
'humor',592,2
'dropbox-free-space',588,12
'autmation',584,2
'ipfs',582,10
'regenerative-agriculture',572,0
'aws-athena',570,6
'icloud',568,4
'cloud-shell',566,2
'change-management',566,0
'application-security',564,16
'django',560,2
'google-certification',558,14
'custom-domain',556,2
'domains',556,2
'financial-modeling',554,0
'sales-productivity',554,0
'automata',550,4
'grafana',546,2
'apigee',542,2
'functions-framework',540,0
'predictions',536,0
'marketplace',536,0
'aws-resources',536,2
'cloud-repositories',528,2
'demos',526,16
'infographics',520,4
'startup-life',520,6
'hoarding',514,0
'clean-code',514,0
'organizer',514,0
'organizational-culture',514,0
'organizational-change',514,0
'computing-for-a-purpose',514,0
'presales',512,2
'nft-marketplace',512,2
'nft-collectibles',512,2
'ipaas',511,5
'aioz-network',504,0
'smart-caching',504,0
'edge-node',504,0
'firebase-extensions',496,0
'line-chatbot',496,0
'everis',484,0
'everis-brasil',484,0
'financial-service-cloud',484,0
'atendimento-ao-cliente',484,0
'google-dataproc',478,4
'azure-virtual-network',476,2
'design-sprint',474,12
'chat',474,12
'ossdc',472,2
'azure-key-vault',468,6
'wd-my-cloud',466,2
'the-future-of-design',464,0
'rclone',464,0
'azure-event-grid',462,10
'azure-sql-server',460,0
'btc',456,0
'admiral',456,0
'enterprise',454,12
'vpc-peering',452,0
'noops',446,2
'cloud-architect',446,12
'study-material',446,12
'azure-cognitive-service',442,0
'firebase-cloud-storage',442,0
'ankr',440,2
'cloud-native-apps',438,6
'nodes',438,2
'vc',426,0
'owox-bi',426,4
'et-brain',420,34
'aws-certificate-manager',414,2
'aws-route53',414,2
'mathematics',410,0
'find-max-partitions',410,0
'vra',408,0
'pcloud',404,2
'ng',404,4
'ocusPercentX',404,4
'storj',402,0
'weekly-sponsor',400,2
'diederik-van-der-reijt',400,4
'strongnode-sne-token',400,4
'azure-service-endpoints',392,0
'service-endpoint',392,0
'genetics',392,0
'google-genomics',392,0
'cloud-storage-services',392,8
'cloud-app-development',382,0
'studio',380,0
'future-of-cloud-services',378,0
'containerization',374,4
'cloud-providers',374,0
'solidworks',374,2
'azure-virtual-machines',370,4
'hadoop',368,0
'cloud-dataproc',368,4
'application',366,4
'huawei',366,6
'huawei-cloud',366,6
'static-code-analysis',366,6
'hosting-service',366,2
'it-management',366,2
'azure-logic-apps',364,8
'hbase',364,8
'database-recovery',364,8
'npm',362,0
'cicd',360,4
'cloud-accounting',352,10
'hashgraph',350,0
'hbar',350,0
'testnet',350,8
'medium-em-português',350,0
'medium-moçambique',350,0
'snowflakedb',350,8
'service-design',348,6
'm3o',348,0
'hyperledger-fabric',344,0
'ibm-blockchain-network',344,0
'docker-swarm',344,12
'saas-sales',342,0
'cro',342,0
'startups-in-uk',342,0
'japan',338,2
'nas',338,4
'distributed-locking',338,4
'siacoin',338,4
'keyboard',338,0
'developers',336,4
'environment',334,4
'azure-sql',330,0
'earth-engine',330,6
'freelancing',328,2
'edge-engineering',328,0
'sdlc',328,0
'cloud-storage-platform',326,0
'decentralised-cloud',326,0
'microservice-architecture',322,8
'aws-tutorial',320,2
'vpc-tutorail',318,2
'azure-paas',316,0
'vonage-api',316,2
'sne-token',314,2
'strongnode-ecosystem',314,2
'gains-associates',314,2
'strongnode-edge',314,2
'azure-iot',312,8
'secrets',310,2
'vr',310,10
'aws-certifications',310,10
'scale-out',310,0
'baremetal',310,0
'nuclear-weapons',310,2
'crato',308,10
'bookkeeping',308,2
'digital-receipts',308,2
'declarative-programming',304,6
'pricing',304,0
'blog',304,0
'appdirect',304,0
'appstore',304,0
'inovia-capital',304,0
'techstars',302,0
'cloud-address-book',302,0
'totalcloud',302,0
'engineering2022',302,0
'tech-in-philadelphia',300,6
'flickr',298,8
'the-upgrade',298,8
'engineering-culture',292,0
'system-design-interview',290,2
'expressroute',282,0
'gke',280,6
'polardb',280,0
'legacy-code',280,0
'blobstore',278,0
'jira',274,0
'azure-databricks',274,6
'manufacturing',270,0
'whats-cloud-storage',268,4
'azure-administrator',266,0
'climate-change',266,0
'kickstarter',266,12
'vault',264,2
'cloud-operating-model',264,0
'data-analytic-platform',264,2
'robotics',264,0
'roles',264,2
'low-code',262,4
'kubefed',262,0
'orchestration',262,0
'cloud-deployment-models',262,0
'onedrive',262,4
'edge-server',260,6
'alibabacloud-cdn',260,6
'microsoft-graph',258,4
'microsoft-graph-bindings',258,4
'ontology',258,2
'partnership',258,2
'multicloud',254,6
'coinversation',254,2
'block-storage',252,0
'adobe',250,8
'pfsense',249,0
'computer-aided-design',248,4
'oss',242,0
'azure-private-endpoint',240,0
'private-link-service',240,0
'cloud-dataflow',240,8
'improvement',240,0
'google-colaboratory',238,2
'methane',238,0
'photos',236,0
'publishing',236,0
'financial',234,0
'machine-translation',232,6
'operating-systems',232,8
'os',232,8
'you-can-do-it',232,8
'information',230,0
'snowpipe',228,0
'tips-and-tools',228,4
'phones',228,4
'unified-communications',228,4
'data-storage',226,0
'azure-expressroute',226,6
'azure-vpn-gateway',226,6
'azure-networking',226,6
'azure-hybrid',226,6
'technology-news',226,0
'poetry-on-medium',224,10
'fugue',224,2
'efoundations',222,6
'eduserv-foundation',222,6
'twelve-factor',222,8
'bar8',222,4
'abap',222,4
'sap-cloud',222,4
'centos',222,4
'data-integration',222,4
'wso2-api-cloud',220,0
'user-validation',220,0
'jasypt',220,0
'dts',220,2
'image',220,10
'cloud-spanner',218,10
'codebase',218,8
'dependency-injection',218,8
'cybersecurity-training',218,0
'cryptocurrency-mining',218,6
'ofile',218,0
'spirituality',216,8
'typename',216,10
'text-to-speech',216,6
'codemania100',216,2
'codemania',216,2
'setup-guide',216,6
'mining-tutorial',216,6
'sia-prime',216,6
'the-lark',214,0
'loss',214,0
'healing',214,0
'newsletter',212,0
'hybrid',212,0
'backups',212,2
'3commas',212,26
'selenium',210,0
'sync',210,0
'capital-one',210,0
'videos',210,8
'nginx-ingress',208,4
'ckad',208,4
'maven',208,0
'coffee2021',208,0
'online-learning',208,2
'cloud-learning',208,2
'googlecloud',208,0
'vpc-network',208,2
'js',206,6
'apache-drill',206,0
'stream-analytics',206,0
'inalWidth',206,9
'snapchat',206,16
'dhcp',206,0
'email-marketing',206,2
'email-marketing-tips',206,2
'google-cloud-next',206,12
'autodesk',206,0
'containerless',204,0
'iota',204,6
'tangle',204,6
'welcome',204,6
'ocr',202,2
'html',202,0
'cloudfoundry',202,0
'telecommunication',200,0
'one-minute-wit',200,0
'cloud-automation',200,0
'aws-cloud-automation',200,0
'aws-cost-management',200,0
'aws-cost-optimization',200,0
'community-engagement',200,0
'image-for-windows',198,0
'image-backup',198,0
'file-backup',198,0
'google-translate',198,4
'conservation',198,6
'earth-outreach',198,6
'windows-azure',198,0
'blogs',198,10
'mobile-apps',196,2
'review',196,2
'iis',196,0
'amazon-echo',194,4
'graph-database',192,0
'data-architecture',192,4
'ido',192,4
'vaex',190,0
'deis',190,6
'zaico',190,0
'inventory-management',190,0
'eight',189,14
'ocusPercentY',189,14
'cloud-native-application',188,0
'powerbi',188,0
'odbc',188,0
'google-partnership',188,2
'firebase-grant',188,2
'hackernoon-letter',188,2
'compliance',188,2
'benchmarking',187,0
'entity-framework',186,0
'pytorch-lightning',186,0
'cloud-migration-service',186,0
'ak',184,2
'occamrazer',184,4
'cardano',184,4
'openpaas',184,0
'serverless-computing',184,0
'site-reliability-engineer',182,2
'cartoon',182,0
'secure-messaging',180,2
'script',178,6
'smart-cars',178,2
'iiot',178,2
'sustainability',176,0
'amazon-ec2',176,0
'amazon-vpc',176,0
'hewlett-packard',176,0
'clustering',176,0
'nutanix-prism',176,0
'deployment-pipelines',176,0
'variantspark',174,0
'csiro-bioinformatics',174,0
'solidity',174,2
'mobile-analytics',174,4
'product-analytics',174,4
'web-analytics',174,4
'rna-seq',172,0
'compatibility',172,2
'api-design',172,2
'platforms-software',172,2
'documentation',172,0
'eth',170,0
'guidelines',170,0
'cloud-iaas',170,2
'service-model',170,2
'gcp-credit',170,0
'silicon-valley',168,0
'databases',166,0
'經濟新聞',166,0
'azure-ad',164,2
'scale',164,0
'engineering-leadership',164,0
'looker',164,2
'cloud-computing-models',164,2
'metaverse-foundation',164,2
'acute-angle-cloud',164,2
'redhat-openshift',162,0
'cars',162,2
'keyvault',162,0
'bulut',162,0
'german',162,4
'cloud-enterprise-network',160,0
'mercedes-benz',160,0
'single-page-applications',160,0
'agorai',160,4
'alDek',159,0
'urationStatus',159,0
'metaDescription',159,0
'full-cycle-developer',158,0
'acrostic',158,0
'alphabet',158,0
'fun',158,0
'words',158,0
'functions-as-a-service',158,8
'our-users-stories',158,12
'repository-pattern',156,4
'golang-tutorial',156,30
'intel',156,8
'nfspotlight',156,8
'agile-development',154,2
'datacenter',154,0
'pizza',154,0
'pizza-hut',154,0
'ion',153,2
'time-series-database',152,0
'risk-management',152,0
'stackoverflow',152,0
'xtapeMetadata',151,9
'biligunb',148,2
'билигүнб',148,2
'nameserver',148,0
'구글',148,0
'클라우드',148,0
'gateway',146,4
'microsoftlearn',146,4
'bucket',146,0
'health-technology',144,10
'guide',142,0
'ip-address',142,0
'gcp-app-dev',142,8
'search',140,2
'innovazione',140,2
'google-italia',140,2
'digitale',140,2
'wtf',140,0
'team-collaboration',140,0
'office-suite',140,6
'enterprise-infrastructure',138,0
'version-control',138,0
'google-data-studio',138,2
'onshape',138,2
'crmkonvos',138,0
'cx',138,0
'google-dataflow',136,0
'pardo',136,0
'aem',136,2
'azure-messaging',136,4
'azure-queue-storage',136,4
'azure-service-bus-topic',136,4
'logstash',136,0
'remote-working',136,0
'cloud-infrastructure',136,0
'sql-managed-instance',134,0
'azure-sql-mi',134,0
'windows-server',134,0
'web-server',134,0
'developer-productivity',134,0
'managed-instance',132,0
'video-production',132,10
'culture',132,0
'me',131,0
'cryptography',130,0
'external-hard-drive',128,4
'elearning',128,0
'politics',128,16
'deploy',126,2
'us-immigration',126,10
'canada-immigration',126,10
'unicorn-project',126,2
'amazon-web-services-users',126,0
'aws-service',126,0
'wbplaybook',126,0
'data-protection',124,0
'consortium',124,4
'private-equity',124,6
'ncsc',124,0
'jenkins-pipeline',122,6
'legaltech',122,4
'contaioners',122,0
'sidekiq',122,0
'skycap',122,0
'mageMetadata',120,0
'isPublished',120,0
'sShortform',120,0
'ake',120,0
'azure-ad-b2c',120,0
'google-cloud-sql-proxy',120,6
'reputation',120,0
'iaas-vs-paas-vs-saas',120,6
'azure-interview',120,6
'it-service-management',118,0
'suppliers',118,0
'service-catalog',118,0
'cointelegraph',118,4
'cloud-cost-management',118,2
'top-network',118,0
'latest-news',118,0
'cloud-workflow',118,6
'hybrid-backup',118,4
'progress',117,2
'Dek',117,2
'ationStatus',117,2
'dAt',117,2
'ngTime',117,2
'irm',116,2
'process-automation',116,0
'automl-vision',116,2
'google-automl',116,2
'nanobox',116,0
'blockchain-as-a-service',116,8
'leetcode',116,2
'iaas-platform',116,2
'business-development',114,2
'public-enemy',114,0
'carbon-footprint',114,0
'decluttering',114,0
'microsoft-hustle',114,6
'playstation',114,0
'smart-tv',114,0
'sony',114,0
'sharing-economy',112,6
'kubecon',112,2
'charity',112,0
'freemium',112,4
'viral',112,4
'updates',112,0
'managed-services',110,0
'girisim',110,0
'parti',110,0
'dokku',110,0
'jetruby-technical',110,0
'autonomous-cars',110,0
'pension',110,0
'azure-profitable',108,12
'json',108,0
'amazon-web-service',108,0
'hydrogen',106,0
'scheduling',106,0
'vietnam',106,0
'storage-integration',104,0
'lyft',104,0
'geospatial-data',104,2
'softether',104,0
'virtual-private-network',104,0
'mergers-and-acquisitions',104,0
'cnmdh',102,0
'okrs',102,0
'azure-durable-functions',102,2
'azure-durable',102,2
'filesystem',102,0
'hillary-clinton',102,0
'2016-election',102,0
'donald-trump',102,0
'caprover',102,0
'consul',102,0
'nokia',102,0
'traefik',100,0
'amazon-drive',100,0
'event-scheduler',100,0
'data-intelligence',100,0
'mvp',100,0
'oraclecloud',100,0
'obcs',100,0
'data-visual',100,0
'cloudinary',100,0
'digitization',100,6
'freighttech',100,6
'shipping',100,6
'clevercloud',98,4
'cosmosdb',98,0
'beginners-guide',98,2
'private-cloud-server',98,0
'cloud-email-hosting',98,0
'web-hosting-server',98,0
'source-code',96,4
'paas-solutions',96,2
'科技運算',96,2
'nx',96,0
'ering',95,0
'64abf',95,0
'letter',95,0
'pc',94,4
'storage-device',94,4
'open-liberty',94,0
'waves',94,4
'collectd',92,2
'career-advice',92,0
'azure-migration',92,8
'hubspot',92,2
'just-a-thought',92,16
'homepage',92,2
'tes',91,0
'netes',91,0
'noIndex',91,0
'ime',91,0
'ate',91,0
'metadata',90,0
'awscloud',90,6
'real-estate',90,6
'psm',90,2
'app-container-cloud',90,2
'articles',90,0
'couchbase',90,0
'FF7984AC',88,0
'reporting',88,0
'gaming',88,2
'asg',88,0
'nsg',88,0
'energy',88,0
'mern-stack',86,2
'chatops',86,0
'rtup',85,0
'repreneurship',85,0
'essons-from-the-untold-stories-ef8482280f48',85,0
'8482280f48',85,0
'cloud-computing-training',84,10
'security-as-code',84,0
'shiftleft',84,0
'virtual-networks',84,2
'azure-vnet',84,2
'peering',84,2
'public-data',84,4
'fantasy-football',84,2
'fantasy-sports',84,2
'message-queue',84,0
'naas',84,2
'p2p',82,0
'interoperability',82,0
'apigee-private-cloud',82,2
'apigee-aio-docker',82,2
'apigee-repo-on-desktop',82,2
'workflow',80,2
'peer-to-peer',80,4
'traffic-manager',80,2
'front-door',80,2
'batch',80,0
'visualization',80,2
'facts',80,0
'truth',80,0
'zookeeper',80,0
'liff',80,2
'share-target-picker',80,2
'python-programming',78,2
'tencent',78,0
'platform-as-a-service',76,4
'remote-backend',76,2
'long-reads',76,0
'company',76,0
'brands',76,0
'objects',76,0
'number-crunch',76,0
'the-ticker',76,0
'companies',76,0
'azure-data-lake',76,2
'object-store',76,0
'private-network',76,0
'digital-charities',76,2
'digital-leadership',76,2
'azure-container-services',76,0
'viadeo',74,0
'sky-high-applications',74,0
'function-compute',74,0
'azure-subscription',74,8
'azure-management-group',74,8
'azure-resource-group',74,8
'azure-governance',74,8
'google-cloud-engine',74,0
'vm-instances',74,0
'service-registry',74,0
'system-engineering',74,0
'climate-action',74,0
'zoolz',74,0
'cheap-cloud-storage',74,0
'RVED',73,0
'clojure',72,0
'oreilly',72,0
'ericsson',72,0
'udacity',72,2
'azure-monitor',72,0
'azure-web-app',72,0
'c-sharp-programming',72,0
'kafta',70,0
'30-day-challenge',70,0
'conseillers-numeriques',70,4
'suisse-romande',70,4
'essai-gratuit',70,4
'cloud-server-india',70,4
'cloud-it-services',70,4
'aws-networking',70,0
'hipaa',70,0
'technical-writing',70,0
'techcomm',70,0
'user-manual',70,0
'technical-documentation',70,0
'visual-builder',68,2
'fusion',68,2
'cloud-computing-courses',66,0
'cloud-computing-online',66,0
'iiht',66,0
'cloud-courses',66,0
'data-catalog',66,2
'impersonation',66,8
'gcloud-commands',66,8
'time-series-forecasting',66,0
'cloud-cost-optimization',64,0
'cve-2020-1350',64,0
'bluepot',64,0
'honeypot',64,0
'vechain',64,0
'vechainthor',64,0
'web-developer',64,0
'random-thoughts',64,0
'managed-instance-group',64,2
'cpu-throttling',64,0
'reliability',64,0
'firebolt',62,2
'israeli-startups',62,2
'model-deployment',62,0
'workspace',62,0
'chmura',62,0
'analytics-platforms',62,2
'wireguard',62,2
'route-53',62,2
'dweb',62,0
'messaging-apps',62,0
'holo-today',62,0
'native-dev-workflow',60,0
'curl',60,0
'team-foundation-server',60,8
'awscertr-devops',60,8
'homelab',60,0
'pcap',60,0
'object-storage',60,6
'stragetic-partership',60,0
'ultrain',60,0
'it',58,0
'maps',58,0
'media',58,4
'data-migration',56,4
'eks',56,6
'classification',56,6
'churn',56,0
'customer-lifetime-value',56,0
'asia',56,0
'content-management',56,0
'cloudstack',56,0
'housing',54,2
'grant',54,0
'expansion',54,0
'libraries',54,4
'archive',54,4
'quarkchain',54,0
'the-tips',54,0
'brute-force-attack',52,0
'product-strategy',52,0
'interview-questions',52,0
'kenya',52,0
'bahasa-indonesia',52,0
'rolling-updates',52,0
'apache-hadoop',52,2
'freebsd',52,0
'aws-certified',51,4
'ublishToEmail',51,4
'tle',51,4
'atus',51,4
'chain-link',50,2
'consensys',50,2
'tunnel',50,0
'domain-driven-design',50,0
'github-pages',50,2
'data-visualisation',50,0
'planning',50,4
'pivotal-container-service',50,0
'pks',50,0
'entity-framework-core',49,0
'riantFlagBoolean',49,0
'riantFlag',49,0
'Flag',49,0
'gBoolean',49,0
'xpansion',49,0
'apache-apisix',48,4
'etcd',48,4
'etcdctl',48,4
'fortrabbit',48,1
'telstra',48,0
'gcp-essentials',48,0
'cloud-66',48,0
'failure',48,0
'vrealize-automation',48,0
'vra7',48,0
'single-sign-on',46,2
'analyticdb',46,0
'python3',46,0
'gcp-secret-manager',46,0
'cloud-deployment',46,0
'kaggle-competition',46,0
'gpu-computing',46,0
'kaggle',46,0
'wickr',46,0
'integrations',44,0
'workflow-automation',44,0
'slackbot',44,4
'bot-framework',44,0
'market-research',44,0
'dublin',44,2
'app-private-networks',44,0
'manifold',44,2
'well-architected',44,6
'palantirtech',44,0
'palantir',44,0
'blockchaindata',44,0
'blockchainprivacy',44,0
'0chain',44,0
'cloudstorage',44,0
'zero-knowledge',44,0
'client-side-encryption',44,0
'oud-platform',43,0
'VariantFlagString',43,0
'pple',43,0
'a9de331446d0',43,0
'pename',43,0
'iewerEdge',43,0
'flash-fiction',42,0
'Slug',42,3
'infosec',42,0
'dedicated-server',42,0
'reviews',42,0
'team-intuz',42,0
'lightroom',42,0
'creative-cloud',42,0
'chatting',42,0
'recyclerview',42,0
'cpanel',42,0
'cloud-consulting',42,2
'iaas-provider',42,2
'epigenomics',41,0
'enting',41,0
'podcasts',41,0
'ogo',41,0
'custom-app-development',40,0
'adf',40,2
'devops-practice',40,4
'container-builder',40,0
'api-client-libraries',40,0
'cloud-client-libraries',40,0
'api-explorer',40,0
'app-default-credentials',40,0
'thinking',40,6
'law',40,0
'legal-software',40,0
'w12',40,0
'air-pollution',40,6
'recovery',40,0
'aibb',40,0
'luis',38,2
'token',38,0
'managed-it-support',38,0
'communications',38,2
'startup-marketing',38,2
'samsung',38,2
'future-technology',38,2
'oci',38,0
'서비스',38,0
'편의',38,0
'bernetes',36,0
'ayout',36,0
'-a-95074e90bd50',36,0
'eries',36,0
'ervices',36,0
'Carrier',36,0
'er-traceid',36,0
'pled',36,0
'owncloud',36,0
'opensource-hardware',36,0
'cpaas',36,0
'ucaas',36,0
'voip',36,0
'roi',36,0
'delivery',36,0
'EM',35,1
'puting',35,1
'shed',35,1
'layerCake',35,1
'ndation',35,1
'elections',34,0
'monolith',34,0
'patterns',34,0
'satellite-technology',34,0
'space-exploration',34,0
'science-fiction',34,0
'fiction',34,0
'romance',34,0
'fantasy',34,0
'data-management-platform',34,2
'calico',34,10
'cni',34,10
'cpu-cores',32,2
'tecnologia',32,0
'español',32,0
'scrum',32,2
'couchdb',32,2
'google-storage',32,0
'capital-controls',32,4
'greece',32,4
'ama',32,0
'wordpress-plugins',32,0
'backend-development',30,6
'hardware-security-module',30,2
'hsm',30,2
'horror-movies',30,0
'cost-optimization',30,0
'resource-monitoring',30,2
'cost-calculator',30,0
'rbac',30,0
'israel',30,0
'linode',30,0
'transformation',28,0
'technology-trends',28,2
'industrial-iot-solutions',28,0
'thingworx',28,0
'enterprise-data',28,0
'data-platforms',28,0
'timberio',28,0
'lifehacks',28,0
'paperless',28,0
'files',28,0
'third-party',26,6
'soap-api',26,6
'getting-started',26,0
'autoscaling',26,0
'enterprise-architecture',26,0
'minikube',26,0
'kubectl',26,0
'stamplay-updates',26,0
'marketplaces',26,0
'appengine',26,0
'delta-lake',26,0
'cloudant',26,2
'predictive-analytics',26,0
'deloitte',26,0
'fema',26,0
'PUBLIC',24,0
'icp',24,2
'psp',24,2
'clusterrole',24,2
'enforcement',24,2
'faun',24,0
'sibility',24,0
'connected-devices',24,2
'dijital-dönüşüm',24,0
'regions',24,0
'intellij',24,0
'hardware-wallet',24,0
'dell',24,0
'k8s',24,0
'report',24,0
'terraform-modules',24,0
'mwc',24,0
'mwc21',24,0
'telcodr',24,0
'gsma',24,0
'rise-of-public-cloud',24,0
'data-networking',24,0
'patch-management',24,0
'oms',24,0
'virtualization-technology',24,0
'digital-business',24,0
'java-ee',22,2
'sidecar',22,0
'prana',22,0
'free-services',22,0
'overview',22,0
'cloud-training',22,0
'itsm',22,2
'nomad',22,0
'bind',22,0
'service-management',22,2
'employee-engagement',22,0
'employee-experience',22,0
'podcast-episodes',22,0
'dvd',22,0
'programing',22,2
'cloud-monitoring',22,0
'real-time-monitoring',22,0
'future-of-indie-gaming',22,2
'indie-gaming',22,2
'multiplayer-functionality',22,2
'management-consulting',22,0
'decision-making',22,0
'sdn',20,6
'buildpack',20,0
'london',20,0
'programming-languages',20,0
'verizon',20,0
'cota-capital',20,0
'function-as-a-service',20,0
'tech-share',20,0
'sim',20,0
'eventhubs',20,0
'streamanalytics',20,0
'google-container-builder',20,2
'dockerfile',20,2
'phala-network',20,0
'toronto',20,0
'sec',20,0
'State',20,0
'blockchain-for-good',20,2
'tennis',20,0
'ust-network-f5a3e8fb6fb2',20,0
'cense',20,0
'inResponseToPostResult',20,0
'boostnote',20,0
'music',20,2
'jazz',20,2
'opera',20,2
'music-history',20,2
'esentation',19,0
'rts',19,0
'logy',19,0
'portation',19,0
'ue-crime',19,0
'key-management-service',18,0
'aws-kms',18,0
'digital-government',18,0
'bit',18,3
'k-12-education',18,10
'workforce-development',18,10
'technical-education',18,10
'workers',18,0
'top-hits',18,0
'upgrade',18,0
'ubuntu-20-04',18,0
'wcf',18,0
'jelastic',18,0
'command-line',18,0
'box',18,4
'contest-collaboration',18,4
'ecm',18,4
'information-management',18,4
'cudos-network',18,0
'home-technology',18,0
'cudos-blockchain',18,0
'aelfannouncement',18,0
'vm',18,0
'microsoft-dynamics-crm',18,0
'vultr',18,0
'ud-platform',17,0
'atform-gcp-5b2e77b0e3ba',17,0
'sd-wan',16,6
'kubernete',16,2
'double-11',16,0
'ant-financials',16,0
'weekly-selection',16,0
'cloud-native-products',16,0
'evolution-of-cloud',16,0
'evolution-of-cloud-native',16,0
'coreos',16,0
'enabling-technology',16,0
'code-school',16,0
'bpm',16,0
'access-control',16,0
'csv',16,0
'static-ip',16,0
'cloud-tpu',16,0
'object-detection',16,0
'private-cloud-hosting',16,6
'splunk',16,0
'token-economy',16,0
'the-coffee-house',16,2
'spring-cloud-config',14,2
'insurtech',14,0
'industry-4-0',14,0
'competition',14,2
'internal-communications',14,0
'docker-ce',14,2
'centos-8',14,2
'application-development',14,0
'gamp5',14,0
'social',14,0
'medium',14,2
'connect-platform',14,0
'subnet',14,2
'aws-vpn',14,2
'site-to-site-vpn',14,2
'customer-gateway',14,2
'skills-development',14,0
'media-center',12,0
'anthos',12,2
'spring-actuator',12,2
'hackernoon',12,2
'obsidian',12,0
'standards',12,0
'career-development',12,0
'listings',12,2
'akash-network',12,2
'akt',12,2
'the-bit-podcast',12,2
'talks',12,4
'culture-numerique',12,0
'multimedia',12,0
'remote-learning',12,0
'cognitive-computing',12,0
'chef',12,0
'amazon-aws',12,0
'public-cloud-hosting',12,2
'eksctl',12,0
'agriculture',12,0
'ibmcloud',12,0
'better-living',12,0
'ncaa',12,0
'talent',12,0
'cross-cloud-replication',12,0
'healthcare-it',12,0
'azure-arc',12,4
'onboarding',12,4
'arm-templates',12,4
'error-handling',12,4
'iaa',12,2
'video',12,0
'demo',12,0
'chite',11,0
'ws',11,0
'nds',11,0
'velopment',11,0
'nt',11,0
'oEmail',11,0
'nStatus',11,0
'cloud-networking',10,0
'coud-pentesting',10,0
'cloud-penetration-testing',10,0
'aws-penetration-testing',10,0
'cloud-security-assessment',10,0
'basic-networking',10,2
'smtp-form-ec2',10,2
'gmail-smtp',10,2
'time-series-analysis',10,0
'facebook-prophet',10,0
'performance-testing',10,0
'geoprocessing',10,0
'other',10,0
'resource-management',10,0
'cloud-computing-solutions',10,0
'pulumi',10,0
'micro-paas',10,0
'continous-integration',10,0
'continous-deployment',10,0
'dataproc',10,2
'pri',10,1
'ent',10,1
'perspectives',10,0
'cloud-100',10,0
'salesforce-ventures',10,0
'natural-language-process',10,0
'cpucoin',10,0
'equilibrium',10,0
'serverless-monitoring',10,0
'troubleshooting',10,0
'corvid',10,0
'public-health',10,0
'virus',10,0
'遊戲廣告',10,0
'unity',10,0
'廣告變現',10,0
'rfi',10,2
'ict-a',10,2
'ginalHeight',8,1
'evelopment',8,1
're',8,1
'umUrl',8,1
'adobeio',8,0
'extensibility',8,0
'adobe-experience-manager',8,0
'cloud-native-guide',8,0
'css',8,0
'chips',8,0
'intranet',8,0
'amp',8,0
'machinelearning',8,0
'web-app',8,2
'vnext',8,2
'adopting-microservices',8,0
'lolissue',8,2
'storytelling',8,2
'singapore',8,2
'lifestyle',8,2
'coinbase',8,0
'private-vs-public',8,2
'aws-nat-gateway',8,0
'inlets',8,4
'reverse-proxy',8,4
'net-neutrality',8,0
'resize',8,0
'it-strategy',8,4
'sc',8,0
'blockonomist',8,0
'docker-volume',8,0
'blockchain-storage',8,0
'focus',8,0
'kyc',8,0
'solutions',8,0
'ge-d0d83704173b',7,0
'itedState',7,0
'envoy-proxy',6,0
'config-server',6,0
'earth-observation',6,0
'wifi',6,0
'vertx',6,0
'gdal',6,0
'create-overviews-tiles',6,0
'validate-cog',6,0
'cloud-optimized-geotiff',6,0
'powtoon',6,0
'sandboxdemoday',6,0
'gdpr-compliance',6,0
'ccpa-compliance',6,0
'regtech',6,0
'servicenow',6,0
'appian',6,0
'webrtc',6,0
'video-conferencing',6,0
'dockerfiles',6,0
'devops-training',6,0
'business-apps',6,0
'product-protocol',6,2
'ieo',6,2
'tsuru',6,0
'tsuru-paas',6,0
'r-team-f52f587d2a0f',6,0
'esponses',6,0
'ponses',6,0
'ostResponses',6,0
'codefresh',6,0
'angular-4',6,0
'keras',6,0
'eventbridge',6,0
'privatelink',6,0
'fit',6,2
'openstack-poc',6,0
'validator',6,2
'multi-region',6,0
'private-cloud-analysis',6,0
'document-management',6,0
'enterprise-file-services',6,0
'13',6,0
'nvidia-gpu',6,0
'rails',6,0
'orenda',6,0
'pr',6,0
'starbugs',6,0
'enterprise-apps',6,2
'presto',6,0
'hybrid-cloud-storage',6,2
'modelling',6,0
'jacobs-edo',6,0
'computação-em-nuvem',6,0
'polygon',6,0
'edgeware-nodes',6,0
'-private-cloud-5801603be2f',5,0
'data-governance',4,0
'data-lineage',4,0
'istio-service-mesh',4,0
'axios',4,0
'axios-react',4,0
'open-policy-agent',4,0
'releases',4,0
'wa-tutorial',4,0
'wa-announcement',4,0
'wa-editorial',4,0
'watson-assistant',4,0
'feature-flags',4,0
'nyu',4,0
'graduate-school',4,0
'josh-lovison',4,0
'thoughts',4,0
'cloud-api',4,0
'msft',4,0
'cognitive-services',4,0
'dx',4,0
'kanban',4,0
'french',4,0
'no-code',4,2
'crowdbotics',4,0
'disruptive-innovation',4,0
'blockchain-project',4,0
'solution-architecture',4,0
'idm',4,2
'ldap',4,2
'share',4,0
'streaming-transfers',4,0
'nestincloud',4,0
'cisco-live',4,0
'ssh-agent',4,0
'self-hosted',4,0
'database-hosting',4,4
'railways',4,0
'atos',4,0
'virtual-kubelet',4,0
'modules',4,0
'go-modules',4,0
'managed-it-services',4,4
'threat-intelligence',4,0
'google-home',4,0
'sharding',4,2
'elrondbd',4,2
'altcoins',4,0
'thermostats',4,0
'cloud-practitioner',4,0
'baqend',4,0
'jamstack',4,0
'elastic',4,0
'activeprotect',4,0
'denial-of-service',4,0
'framework',4,0
'srt',4,0
'low-latency',4,0
'ffmpeg',4,0
'drupal',4,0
'firebase-storage',4,0
'securityrules',4,0
'model',4,0
'serverless-security',4,0
'contributor',4,0
'maintainer',4,0
'committer',4,0
'digital-product',4,0
'ipv6',4,0
'noiaannouncements',4,0
'paas-iaas-and-saas',4,0
'difference-paas-iaas-saas',4,0
'cloud-agnostic',4,0
'choices',4,0
'landsat',3,0
'ssh-tunnel',2,0
'apache-nifi',2,0
'1c3982',2,0
'rV3',2,0
'cb9',2,0
'982',2,0
'ai-platform',2,0
'container-security',2,0
'nfs',2,0
'blogging',2,0
'log-management',2,0
'stripe-payment',2,0
'professional-development',2,0
'pinterest',2,0
'patroni',2,0
'javascript-tips',2,0
'opentracing',2,0
'apache-camel',2,0
'aws-cloudformation',2,0
'history-of',2,0
'deutsch',2,0
'arm',2,0
'microcontrollers',2,0
'computer',2,0
'mapping',2,0
'cartography',2,0
'google-spreadsheets',2,0
'basics',2,0
'haunted-by-murder',2,2
'internal-conflict',2,2
'is-it-just-life',2,2
'stadia',2,0
'perfume',2,0
'society',2,2
'knative',2,0
'gloo',2,0
'consulting-strategy',2,0
'technology-hits',2,0
'cd',2,2
'virtualbox',2,2
'ibm-bluemix',2,0
'naming',2,0
'feminism',2,0
'pakistani-drama',2,0
'infidelity',2,0
'meray-paas-tum-ho',2,0
'microk8s',2,2
'cloud-migration-services',2,0
'aws-cloud-migration',2,0
'azure-cloud-migration',2,0
'vmware-cloud-migration',2,0
'migrate-to-aws',2,0
'cloudera',2,2
'nlu',2,0
'chaos-monkey',2,0
'tco',2,0
'security-compliance',2,0
'cloud-web-hosting',2,0
'nat',2,0
'trusted-computing',2,0
'yubikey',2,0
'ssh-keys',2,0
'todo',2,0
'cost',2,0
'flexibility',2,0
'php-intl-centos-7',2,0
'container-service',2,0
'aws-per-second-billing',2,0
'elrond',2,0
'frontend',2,2
'vacuumlabs',2,2
'high-level-programming',2,0
'system-design',2,0
'dataset',2,0
'scalability-in-cloud',2,0
'ec2-reserved-instances',2,0
'aws-m4-instances',2,0
'aws-ec2-cost-analysis',2,0
'ec2-instance-type-pricing',2,0
'san-francisco',2,0
'transportation',2,0
'crime',2,0
'foto',2,0
'fotografia',2,0
'condivisione-foto',2,0
'clamav-scanner',2,0
'onedrive-for-business',2,0
'user-adoption',2,0
'sharepoint',2,2
'outage',2,0
'solid-edge',2,0
'3d-cad',2,0
'morro-data-cloud',2,0
'raiden-network',2,0
'koofr',2,0
'displayTitle',2,0
'twork-2fee427e49b6',2,0
'dState',2,0
'mobile-strategy',2,0
'xamarin',2,0
'what-is-cloud-computing',2,0
'cem',2,0
'cex',2,0
'windows-azure-pack',2,0
'mobility',2,2
'evs',2,2
'decarbonization',2,2
'altoros',2,0
'developer-t',2,2
'wasm',2,0
'south-korea',2,0
'computer-networking',2,0
'managing',2,0
'bpaas',2,0
'growth-marketing',2,0
'software-ontwikkeling',2,2
'computação-forense',2,4
'brasil',2,4
'nuvem',2,4
'digital-forensics',2,4
'int',1,0
'icsId',1,0
'markup',1,0
'wsletter',1,0
'shToEmail',1,0
'cloud-armor',0,0
'cloud-load-balancers',0,0
'spyder',0,0
'data-ingestion',0,0
'batch-processing',0,0
'data-ingest',0,0
'nigeria',0,0
'connectivity',0,0
'frankfurt',0,0
'global-accelerator',0,0
'circuit-breaker',0,0
'gcr',0,4
'imagepullbackoff',0,4
'cyber-attacks',0,0
'kgroundSpectrum',0,0
'AD9FF',0,0
'Point',0,0
'ggleEmail',0,0
'tX',0,0
'cusPercentY',0,0
'2c9a69e59a2af',0,0
'life-hacking',0,2
'pods',0,0
'cloud-patterns',0,0
'spring-security',0,0
'hashicorp-vault',0,0
'oracle-sales-cloud',0,0
'oracle-engagement-cloud',0,0
'prestashop',0,0
'episerver',0,0
'dxc',0,0
'webapp',0,0
'cloud-dns',0,0
'multi-cloud-security',0,0
'vulnerability-assessment',0,0
'server-farms',0,0
'egress',0,0
'external-provisioner',0,0
'pvc',0,0
'data-scien',0,0
'plm',0,0
'spring-framework',0,0
'beijing',0,0
'spring-session',0,0
'organisational-design',0,0
'pai',0,0
'apache-flink',0,0
'riginalHeight',0,0
'ef',0,0
'datadog',0,0
'rockset',0,0
'sequoia-new-partnerships',0,0
'jenkins-x',0,0
'transactions',0,0
'acquisition',0,0
'wasmedge',0,0
'ebpf',0,0
'coworking',0,0
'signal',0,0
'aws-marketplace',0,0
'risk-mitigation',0,0
'market-growth',0,0
'web-security',0,0
'stx',0,0
'okteto',0,0
'turorial',0,0
'tionStatus',0,0
'scription',0,0
'shedAt',0,0
'gTime',0,0
'cloud-basic',0,0
'pentagon',0,0
'wireline',0,0
'sme',0,0
'free-trial',0,0
'eleks-trends-blog',0,0
'agenda-digitale',0,0
'articoli',0,0
'e-government',0,0
'politica',0,0
'tadata',0,0
'pImage',0,0
'cloud-transformation',0,0
'pandemic',0,0
'89',0,0
'gig-economy',0,0
'erp',0,0
'computing-conference',0,0
'busines',0,0
'renewable-energy',0,0
'green-energy',0,0
'green-technology',0,0
'green-tech',0,0
'aws-community-day',0,0
'healthcare-technology',0,0
'game-development',0,0
'woman-in-tech',0,0
'jargon',0,0
'express',0,0
'connection',0,0
'user-expereince',0,0
'samsung-galaxy',0,0
'battery-life',0,0
'aiops',0,0
'aws-reserved-instances',0,0
'aws-ris',0,0
'cloudmaster',0,0
'it-pro-training',0,0
'communication-design',0,0
'alde',0,0
'cassini',0,0
'cassiniplm',0,0
'cloudplm',0,0
'saasplm',0,0
'query-optimization',0,0
'pgbouncer',0,0
'auto-scaling',0,0
'tec',0,0
'plat',0,0
'purpose',0,0
'linked',0,2
'mulesoft',0,0
'akropolis',0,0
'web3-foundation',0,0
'akro',0,0
'polkahub',0,0
'diego',0,0
'disney-world',0,0
'ondemand',0,0
'virtual-assistant',0,0
'conversational-commerce',0,0
'cms',0,0
'craft-cms',0,0
'statamic',0,0
'programação',0,0
'desenvolvimento-web',0,0
'diy',0,0
'eos',0,0
'технологии',0,0
'каршеринг',0,0
'яндекс',0,0
'сервисы',0,0
'autonomous-vehicles',0,0
'digital-garage',0,2
'google-developer-expert',0,0
'electronics',0,0
'incident-management',0,0
'17-media',0,0
'sql-saturday',0,0
'enterprise-blockchain',0,4
'blockapps-strato',0,4
'data-encryption',0,0
'esxi',0,0
'ciam',0,0
'cloud-identity',0,0
'benefits',0,0
'notebook',0,0
'storage-tiers',0,0
'ibm-cloud-private',0,0
'blog-posts',0,0
'modern-application',0,0
'wavefront',0,0
'phishing',0,0
'ddichat',0,0
'market-share',0,0
'latin-america',0,0
'port-forwarding',0,0
'flexible-work',0,0
'meetlima',0,0
'cloudwatch-logs',0,0
'free-speech',0,0
'image-classification',0,2
'yogeshoncloud',0,0
'data-journalism',0,0
'civictech',0,0
'quickstart',0,0
'owncloud-x',0,0
'google-stadia',0,0
'private-property',0,0
'dedicated-hosting',0,0
'100daysofaws',0,0
'soracom',0,0
'qanplatform',0,0
'qanx',0,0
'open-service-broker-api',0,0
'fonos',0,0
'apple-watch',0,0
'the-internet',0,0
'arctic',0,0
'wilderness',0,0
'meditation',0,0
'nfv',0,0
'it-security',0,0
'malware',0,0
'provisioning',0,0
'watson-discovery',0,0
'openstack-restful-api',0,0
'openstack-api',0,0
'dedicated-server-provider',0,0
'managed-private-cloud',0,0
'remote-desktop',0,0
'remote-access',0,0
'slashn',0,0
'5f35510',0,0
'aOrganization',0,0
'473',0,0
'classic-vpn',0,0
'ha-vpn',0,0
'cloud-solution',0,0
'azure-stack',0,0
'philosophy',0,0
'saas-tools',0,0
'startup-tools',0,0
'covid-19-crisis',0,0
'hortonworks',0,0
'cai',0,0
'iics',0,0
'informatica',0,0
'distributed-teams',0,0
'live-streaming',0,0
'/div></',0,1
'JZU3SMI',0,1
'desktop',0,0
'o-with-helm-and-operator-for-9652d71d6432',0,0
'for-9652d71d6432',0,0
'bugs',0,0
'corona',0,0
'working-from-home',0,0
'digital-tools',0,0
'united-kingdom',0,0
'identity',0,0
'public-speaking',0,0
'cloud-marketplace',0,0
'graffiti',0,0
'new-york-city',0,0
'cloud-security-training',0,0
'aws-security',0,0
'azure-security',0,0
'biotech',0,0
'highendmanufacturing',0,0
'govtech',0,0
'tool',0,0
'values',0,0
'inclusive-innovation',0,0
'google-doc',0,0
'passive-income',0,0
'adobe-experience-platform',0,0
'tips-and-tricks',0,0
'urban-planning',0,0
'open-telekom-cloud',0,0
'cloud-vulnerabilities',0,0
'vendor',0,0
'endpoint-security',0,0
'tidb',0,0
'budgeting',0,0
'technology-value-stream',0,0
'itnext',0,0
'ciso',0,0
'devoxx',0,0
'public-beta',0,0
'firestore-with-flutter',0,0
'content-delivery-network',0,0
'data-infrastructure',0,2
'storage-solutions',0,0
'storage-containers',0,0
'hard-disk-drive',0,0
'opencensus',0,0
'pimcore',0,0
'line-front-end-framework',0,0
'firebase-hosting',0,0
'microsoft-365',0,0
'strategy-design-pattern',0,0
'logpush',0,0
'start-ups',0,0
'zoom',0,0
'cloud-source-repositories',0,0
'bhhugo',0,0
'cryp2gem',0,0
'iphone',0,0
'object-storage-service',0,0
'communication-apps',0,0
'wallet',0,0
'purchasing',0,0
'deplo',0,0
'pharmaceutical',0,0
'managing-cloud',0,0
'product-launch',0,2
'plans',0,2
'cloudf-formation-template',0,0
'stack-provisioning',0,0
'innovation-management',0,0
'experiment',0,0
'khusraval',0,0
'mlaas',0,0
'ml',0,0
'buildbot',0,2
'on-premises',0,0
'data-strategy',0,0
'bearspace',0,0
'appscale',0,0
'os-x',0,0
'legal',0,0
'wbp',0,0
'gartner',0,0
'azure-and-ansible',0,0
'ansible-tutorial',0,0
'infrastructure-with-azure',0,0
'ansible-with-azure',0,0
'eureka',0,0
'covid',0,0
'new-normal',0,0
'程式語言',0,0
'applications',0,0
'hr',0,0
'microsoft-development',0,0
'it-outsourcing',0,0
'runtime-configurator',0,0
'ocaml',0,0
'strongnode-ido',0,0
'centos7',0,0
'it-cost-structure',0,0
