tag,claps,responses,status
google-cloud-platform',391441,4177,
cloud-computing',285925,2955,n
azure',140537,1380,
serverless',107843,790,
aws',94411,878,
kubernetes',89909,612,
devops',78969,728,
python',72164,468,
cloud',67464,634,n
docker',62336,528,
programming',61096,512,n
cloud-functions',59672,394,
technology',56625,354,n
containers',48185,278,
cloud-native',44643,276,
machine-learning',43478,526,
software-development',40392,319,n
data-science',36713,376,n
web-development',33268,410,n
deployment',31932,152,n
startup',31851,144,n
tech',31484,208,n
certification',30454,246,n
alibabacloud',30082,140,n
nodejs',29510,350,
google-cloud',28425,180,
golang',28098,144,
open-source',27646,144,n
aspnetcore',27130,130,
google',26632,352,
paas',25115,282,
cloud-sql',24650,104,
postgresql',24638,104,
artificial-intelligence',24222,184,
cloud-services',23198,209,
editors-pick',21931,288,n
tds-features',21705,285,
terraform',21530,270,
big-data',20894,166,
deep-dives',20705,244,n
,19740,212,n
azure-functions',19720,154,
javascript',19352,198,
data',19234,173,n
continuous-delivery',18752,158,
microsoft',18478,268,
gcp',18318,228,
security',17522,191,
firebase',17474,238,
api',16330,98,
compute-engine',16278,132,
cloud-build',16116,130,
microservices',15241,118,
blockchain',14710,167,
gcp-weekly',14440,228,n
g-suite',14072,50,n
office',14000,50,n
google-cloud-run',13930,86,
software-architecture',13918,30,n
0,13692,378,n
microsoft-azure',13604,100,
design',12622,84,n
NA,11029,107,n
data-engineering',10592,78,n
database',10521,53,n
iot',10500,50,
azure-kubernetes-service',10444,52,
software-engineering',10300,114,
google-cloud-functions',9690,126,
sql',9644,42,
bigquery',9610,70,
net-core',9584,76,
infrastructure',9568,58,n
ai',9484,164,n
nats',9400,16,
nats-streaming',9400,16,
event-sourcing',9400,16,
cryptocurrency',9354,107,
iaas',9148,116,
flask',9042,44,
deep-learning',8988,146,
cybersecurity',8870,68,
edge-computing',8836,6,
service-broker',8800,26,
cisco',8800,26,n
cisco-spark',8800,26,n
news',8746,52,n
saas',8474,104,n
hashicorp-consul',8400,58,
trends',8112,80,n
azure-devops',7611,86,
software',7310,16,n
',7217,117,n
angular',7152,98,
internet-of-things',7062,70,
java',6610,32,
tsdb',6600,42,n
timeseries',6600,42,n
influxdb',6600,42,
timescaledb',6600,42,
automation',6522,70,n
development',6445,72,n
pandas',6432,26,
amazon-web-services',6418,82,
cloud-vision',6400,32,
app-engine',6272,76,
data-analytics',6198,62,n
serverless-architecture',6128,30,
tensorflow',6118,102,
hashicorp',5910,26,
mobile-app-development',5846,68,n
podcast',5844,22,n
infrastructure-as-code',5814,66,
analysis',5796,32,n
self-improvement',5650,8,n
go',5616,68,n
alibaba-cloud',5564,14,n
google-cloud-storage',5534,62,
logging',5370,14,n
architecture',5344,76,n
design-patterns',5280,68,n
produto',5280,68,n
engenharia-de-software',5280,68,n
dotnet',5210,56,
azure-pipelines',5192,38,
xaas',5186,72,
packer',5120,28,
swift-programming',5000,0,
immutable-infrastructure',5000,26,n
reichental',5000,68,n
smart-city',5000,68,n
cloud-storage',4986,31,
desenvolvimento-software',4964,54,n
react',4944,50,
nginx',4784,72,
neo4j',4764,48,
stocks',4752,16,n
towards-data-science',4749,30,n
typescript',4658,60,n
cursos-online',4616,54,n
free',4566,54,n
augmented-reality',4526,16,n
course',4444,64,n
business',4372,24,n
cursos',4370,46,n
tech-nuggets',4350,34,n
finance',4254,16,n
dotnet-core',4247,40,
redis',4238,22,
coding',4230,26,n
tutorial',4202,110,n
statistics',4200,12,n
ethereum',4126,44,
authentication',4012,73,n
so the client can periodically send requests to the server for getting back its notifications,4000,0,n
to some degree,4000,0,n
can enable the server to actively send notifications to the client. However,4000,0,n
it cannot meet requirements for real-time performance,4000,0,n
after some research,4000,0,n
this architecture will put great pressure on the server,4000,0,n
making it difficult to support a large number of online users at the same time. Therefore,4000,0,n
the R&D Team of Aixuexi Education Group has to design an application-layer communication protocol,4000,0,n
which is an extremely complex task with various challenges,4000,0,n
time costs and risks are very high. With the rapid development of business,4000,0,n
simple,4000,0,n
lightweight,4000,0,n
MQTT is just a protocol. Before applying the MQTT protocol to large-scale commercial scenarios,4000,0,n
their performance sharply declines. Therefore,4000,0,n
millions of concurrent messages,4000,0,n
MQ for RocketMQ,4000,0,n
server instances are smaller in scale,4000,0,n
for server instances,4000,0,n
this issue can be solved by adding more server instances. For MQTT-based cloud services,4000,0,n
the performance improvement of it can be achieved by upgrading configurations according to rules,4000,0,n
such as bad network environments,4000,0,n
reconnection,4000,0,n
exception handling,4000,0,n
high concurrency,4000,0,n
Aixuexi Education Group has expanded the capacity of this system several times. As a result,4000,0,n
but learning will continue” proposition from the Ministry of Education of China,4000,0,n
and to transform from offline teaching to online teaching in time,4000,0,n
the Aixuexi Education Group can solve more challenges in the future. Li Chuan,4000,0,n
Co-Founder and CEO of Aixuexi Education Group,4000,0,n
said,4000,0,n
“We would like to do something more valuable,4000,0,n
coaching new developers,4000,0,n
Freelancer,4000,0,n
service-mesh',3982,40,
arkit',3960,16,n
arcore',3960,16,
mixed-reality',3960,16,n
networking',3950,74,n
container',3948,12,
performance',3942,72,n
data-security',3926,12,
google-cloud-shell',3922,34,
1,3912,108,n
google-app-engine',3904,66,
snowflake',3670,35,
testing',3574,56,n
gce',3568,54,
mongodb',3554,30,
continuous-integration',3430,48,
api-integration',3426,14,
google-compute-engine',3402,44,
ambassador',3400,20,n
api-development',3400,8,n
api-management',3400,8,n
apache-beam',3336,44,
firestore',3304,28,
hardware',3298,48,n
spring-boot',3276,26,
internet',3254,24,n
investing',3232,6,n
webhooks',3204,6,n
facebook',3200,6,n
developer',3192,34,n
android',3184,18,n
stackdriver',3156,34,n
scraping',3102,54,n
cloudflare',3058,36,
the-cloud',3000,20,n
stream-processing',2998,18,
azure-machine-learning',2914,4,
web3',2870,30,n
crypto',2836,60,
hybrid-cloud',2820,22,
sql-server',2810,0,
faas',2786,18,
azure-container-instances',2770,16,
messaging',2744,52,n
google-cloud-dataflow',2722,36,
pivotal',2694,22,n
continuous-deployment',2684,24,
dns',2668,24,n
website',2656,46,n
wordpress',2628,18,n
scikit-learn',2584,58,
training',2574,18,n
office-365',2546,54,
automl',2528,18,
azure-sql-database',2468,4,
kubernetes-engine',2464,32,
flutter',2432,20,
computing',2414,16,n
oracle-cloud',2408,16,n
hotel',2400,24,n
hotel-accomodation',2400,24,n
hotel-management',2400,24,n
hotel-booking',2400,24,n
travel',2400,24,n
education',2362,34,n
concourseci',2322,20,n
computer-science',2290,22,n
chatbots',2284,16,n
gitops',2270,18,
git',2268,26,
distributed-systems',2242,36,n
aspnet-mvc',2222,24,
webapi',2222,24,
financial-services',2200,12,n
import',2198,14,n
storage',2178,20,n
algorithmic-trading',2110,38,n
scalability',2104,44,n
how-to',2100,36,n
azure-blob',2070,0,
linux',2064,22,
cloud-security',2064,27,
graphql',2040,36,
azure-data-factory',2032,0,
remote-sensing',2020,26,n
google-cloud-sql',2020,14,
geospatial',2010,26,n
azure-services',2004,22,
monopoly',2000,14,n
vuejs',2000,12,
vue',2000,12,
frontend-development',2000,12,n
google-cloud-sdk',2000,10,
ssl-certificate',2000,10,n
cloud-rumblings',2000,6,n
node-red',1990,0,
etl',1972,6,n
virtual-machine',1954,16,n
event-hub',1946,0,n
streaming',1946,0,n
firebase-cloud-functions',1936,18,
bayesian-statistics',1932,40,n
hyperparameter-tuning',1932,40,n
development-tools',1918,0,n
fintech',1906,10,n
databricks',1906,24,
ibm',1904,12,n
cloud-sql-proxy',1900,8,
public-cloud',1882,14,
github',1876,18,
cypher',1872,12,n
pub-sub',1856,44,
analytics',1854,12,n
data-engineer',1850,18,n
banking',1848,2,n
coursera',1848,14,n
red-hat',1842,10,n
jenkins',1834,20,
blockchain-technology',1818,12,
siem',1810,18,n
aspnet',1810,14,
managed-cloud-services',1808,18,
apache-spark',1804,20,
entrepreneurship',1802,4,n
sentinel',1790,6,
web',1780,14,n
google-developer',1776,30,n
app-development',1774,24,n
cloud-solutions',1752,10,n
api-gateway',1750,28,n
website-design',1750,22,n
azure-app-service',1732,4,
devo',1726,14,n
hosting',1712,24,n
puppeteer',1700,18,n
headless-chrome',1700,18,n
apache-kafka',1672,12,
oracle',1658,30,n
trials',1658,24,n
fastai',1654,12,n
laravel',1650,24,
rabbitmq',1642,10,
roundup',1636,30,n
small-business',1632,18,n
vpn',1626,18,n
azure-storage',1616,46,
marketing',1608,6,n
nft',1606,22,
budget',1604,52,n
azure-sentinel',1602,4,
latency',1602,48,n
gpu',1600,68,
amazon',1598,4,n
bert',1598,2,
azure-websites',1590,22,n
data-center',1588,8,n
community-meetups',1588,24,n
billing',1584,52,n
costs',1584,52,n
mysql',1582,24,n
ansible',1564,8,
reactjs',1554,36,
kubernetes-cluster',1552,12,
identity-management',1550,4,
venture-capital',1548,22,n
rest-api',1544,6,
nlp',1540,22,
poetry',1538,14,n
big-data-and-analytics',1534,8,n
jupyter',1514,4,
bitcoin',1511,13,
sentiment-analysis',1492,24,
azure-active-directory',1482,22,
google-container-engine',1474,10,
hpc',1468,6,
events',1464,12,n
healthcare',1459,36,n
azure-sphere',1446,0,
computer-vision',1444,18,
cloud-native-geospatial',1442,20,
product',1426,10,n
saml2',1424,52,
jupyter-notebook',1416,10,
bioinformatics',1414,6,n
information-technology',1412,16,n
aws-lambda',1408,14,
twilio',1408,42,n
openshift',1404,12,
heroku',1402,2,n
cloud-architecture',1402,2,n
outsourcing',1402,6,n
ubuntu',1396,18,n
disaster-recovery',1390,6,n
devops4solutions',1388,50,n
website-development',1374,12,n
nosql',1360,10,n
agile',1328,8,n
data-exploration',1326,16,n
cloud-scheduler',1326,16,
elasticsearch',1324,12,
a',1310,41,n
kafka',1304,20,
partners',1294,20,n
natural-language',1292,22,n
cheatsheet',1292,16,n
iexec',1290,8,n
signals-network',1290,8,n
trading',1290,8,n
appdev',1286,16,n
dataprep',1282,12,n
datarobot',1276,14,n
utah',1276,4,n
ngrok',1270,20,n
google-cloud-ml',1264,12,n
giant-swarm',1254,2,n
learning',1250,16,n
azure-container-registry',1246,18,
opinião',1242,0,n
dataflow',1238,2,
pytorch',1222,2,
debugging',1212,16,n
digital-transformation',1204,8,n
amazon-s3',1204,4,
mozy',1204,4,n
apps',1200,16,n
e',1189,55,n
power-bi',1188,16,
node',1185,14,
enterprise-technology',1182,8,n
big-data-analytics',1182,30,
visual-studio',1176,2,
guides-and-tutorials',1172,40,n
alibaba',1148,4,n
firebase-admin-sdk',1146,20,
guest-post',1146,18,n
realtime',1138,16,n
visual-studio-code',1136,28,
datalab',1130,16,n
regression',1130,16,n
training-model',1130,16,n
docker-compose',1122,20,
cloud-pak-for-data',1116,8,
fastaiv3',1116,0,
iterm2',1112,8,n
stac-spec',1112,12,n
ssh',1098,0,n
azure-storage-replication',1096,36,n
azure-storage-redundancy',1096,36,n
azure-storage-blob',1096,36,
mobile-vision-api',1088,8,
observability',1086,30,
vmware',1086,0,
cassandra',1080,0,
trading-system',1080,26,n
decentralization',1078,10,n
identity-aware-proxy',1070,6,n
golem',1068,4,
load-balancing',1058,20,
cloud-run',1046,26,
arduino',1044,16,
associate-cloud-engineer',1040,26,n
exam-preparation',1040,26,n
towards-ai',1040,26,n
google-kubernetes-engine',1038,12,
obiee',1030,8,
distributed-tracing',1026,20,n
icense',1024,41,
gis',1020,16,
google-developer-group',1018,14,n
cuda',1018,14,n
nvidia',1018,14,n
g',1017,41,n
online-education',1012,0,n
best-practices',1008,18,n
announcements',1006,8,n
high-performance,1000,0,n
and high-cost two-way communication mechanism needs to be established. However,1000,0,n
-cost two-way communication mechanism needs to be established. However,1000,0,n
chanism needs to be established. However,1000,0,n
ed. However,1000,0,n
ionItem',1000,41,n
bscribersCount',1000,41,n
a:1*AGyTPCaRzVqL77kFwUwHKg.png',1000,41,n
3a310f4',1000,41,n
erV3:2375c85c8da7',1000,41,n
ame',1000,41,n
-professional-data-engineer-certification-87da9908b333',1000,41,n
ification-87da9908b333',1000,41,n
ResponseToPostResult',1000,41,n
vscode',996,4,n
policy-as-code',994,0,n
bitcherryallsparkplan',992,10,n
blockchain-development',992,10,n
ipv8',992,10,n
appsettings',982,10,n
bots',978,4,n
jobs',978,14,n
the trial with the lowest RMSE will be listed,978,27,n
\'v1\',978,27,n
u\'gestation_weeks\',978,27,n
u\'is_male_Unknown\',978,27,n
u\'plurality_Single\',978,27,n
u\'plurality_2\',978,27,n
u\'plurality_3\',978,27,n
38,978,27,n
0],978,27,n
39,978,27,n
\'babyweight\',978,27,n
the request has to be in the form of a text line,978,27,n
and has to be preprocessed data. Naturally,978,27,n
which is used in almost all linear models like logistic regression,978,27,n
lopug',958,6,n
oauth',944,9,n
react-native',934,6,
life',934,4,n
service-account',932,28,n
digital-identity',932,4,n
ios-app-development',920,14,n
mockup',920,10,n
navigation',916,8,n
automotive',916,8,n
netflix',912,2,n
governance',910,0,n
data-warehouse',906,6,
managed-service-provider',904,9,n
man',904,9,n
cloud-endpoints',902,6,
e-commerce-business',900,4,n
androiddev',896,2,n
scaling',894,0,n
genomics',892,0,n
data-lake',890,11,
active-directory',886,14,
cloud-migration',886,20,
netflixsecurity',878,34,n
webassembly',876,2,n
美股',874,2,n
中文',874,2,n
production',872,2,n
konga',870,12,n
kong',870,12,n
cloud-native-buildpacks',862,0,
lambda-architecture',854,8,
"lse,'",848,13,n
iap',838,0,n
nature',836,10,n
qwiklabs',836,12,n
love',834,2,n
management',828,16,n
android-app-development',822,8,n
developer-tools',820,10,n
thanks to Medium Members. For more information on the novel coronavirus and Covid-19,816,18,n
productivity',810,4,n
microprofile',808,2,n
bulut-bilişim',802,8,n
sap',802,6,n
hacking',792,10,n
investment',792,0,n
proxy',788,0,n
conference',782,8,n
pa',781,2,n
health',778,26,n
sre',778,2,n
aws-certification',777,4,n
data-recovery',774,12,n
tomochain',774,0,n
english',774,0,n
partnerships',774,0,n
cloud-application',770,10,n
technews',762,10,n
software-testing',752,10,n
azure-event-hub',750,4,
powershell',746,12,
platform',744,8,n
future-of-work',742,32,n
watson',738,0,n
selenium-webdriver',730,10,n
short-story',730,2,n
assistant',730,2,n
entrreneur',730,2,n
decentralized-apps',728,14,n
penetration-testing',722,12,n
replication',720,20,n
agile-transformation',718,0,n
cloud-adoption',718,0,n
container-orchestration',712,4,
backend',710,8,n
cloud-tasks',708,0,n
developer-experience',706,0,n
learning-microservices',704,0,n
tcp',704,18,n
machine-learning-tools',703,11,n
machine-learning-platform',703,11,n
ml-pipeline',703,11,n
perspective',702,6,n
push-notification',700,4,n
tpu',698,2,n
video-editing',698,14,n
cog',686,8,n
on-premise',686,8,n
azure-cosmos-db',682,8,
web-services',680,16,n
firebasestorage',680,12,
firebasethailand',680,12,n
cloudstorageforfirebase',680,12,
cloud-foundry',678,10,
devsecops',674,4,
startups',674,10,n
spark',672,4,n
oracle-jet',666,12,n
notifications',656,8,n
routing',654,0,n
multi-cloud',652,0,
fraud-detection',652,16,
autoencoder',652,16,
8,652,18,n
AI,652,18,n
Cloud ML Engine provides serverless machine learning,652,18,n
for training,652,18,n
though,652,18,n
credentials=credentials)\\n\\nrequest_data = {\'instances\':\\n  # [u\'mother_age\',652,18,n
"u\'is_male_0\',\\n  #     u\'is_male_1\'",652,18,n
"u\'plurality_Multiple\',\\n  #     u\'plurality_1\'",652,18,n
"u\'plurality_4\',\\n  #     u\'plurality_5\']\\n  [[24",652,18,n
\\n   [34,652,18,n
0]]\\n}\\n\\nparent = \'projects\\u002F%s\\u002Fmodels\\u002F%s\\u002Fversions\\u002F%s\' % (PROJECT,652,18,n
\'skl\')\\nresponse = api.projects().predict(body=request_data,652,18,n
and often it is of the iterative kind,652,18,n
I showed how one can use deep learning to recognize complex gestures like heart shapes,652,18,n
openfaas',646,2,
fn',646,2,n
openwhisk',646,2,
google-cloud-endpoints',646,0,
services',644,14,n
middleware',642,0,n
y',641,11,n
self-driving-cars',636,2,n
monitoring',632,10,n
google-cloud-scheduler',632,20,
customer-experience',630,2,n
vulnerability-scanning',630,4,n
cloud-native-security',630,4,n
helm',626,2,n
shell',624,8,n
digitalocean',624,8,n
inspiration',620,2,n
baas',620,22,n
az-900-study-material',618,2,n
php',615,8,n
:',614,2,n
ops',614,4,n
syntropy-announcements',612,2,n
syntropy',612,2,n
debian',610,8,n
locks',606,0,n
google-pubsub',606,16,
mlops',606,2,
comet',606,2,n
heartbeat',606,2,n
mobile-ml',606,2,n
business-continuity',602,0,n
ocialTitle',600,11,n
csharp',590,0,n
apache',590,8,n
mobile',588,10,n
beginner',586,4,n
static-websites',584,4,n
google-next',580,16,n
gdpr',578,2,n
trillian',574,0,n
books',572,8,n
cron',572,6,n
certification-exam',570,2,n
cloud-computing-services',568,6,n
cloud-shell',566,2,
youtube',566,4,n
developer-relations',566,4,n
research',564,0,n
latest',564,0,n
ssl',556,10,n
"},{'",553,3,n
durable-functions',552,0,n
machine-learning-pipeline',552,2,n
faq',550,2,n
grafana',546,2,
ci-cd-pipeline',546,6,
application-security',546,12,
"cloud"":{""id"":""cloud"",""_'",545,0,n
60/0*kgWr_AE_Himlubch?q=20',545,0,n
 https://miro.medium.com/fit/c/140/140/0*kgWr_AE_Himlubch 70w',545,0,n
2F\\u002Fmiro.medium.com\\u002Fmax\\u002F264\\u002F1*RdVZMdvfV3YiZTw6mX7yWA.png',545,0,n
2Fmax\\u002F264\\u002F1*RdVZMdvfV3YiZTw6mX7yWA.png',545,0,n
RdVZMdvfV3YiZTw6mX7yWA.png',545,0,n
th',545,0,n
{',545,0,n
wso2',544,0,n
women-in-tech',544,12,n
apache-airflow',540,0,
expressjs',540,0,
functions-framework',540,0,
salesforce',538,2,n
dapps',538,4,n
authorization',536,8,n
google-sheets',536,6,n
admob',536,6,n
hasura',534,10,n
gatk',532,0,n
terra-platform',532,0,
multi-tenant',532,8,n
auth',532,8,n
data-scientist',528,2,n
cloud-repositories',528,2,
andreas-kretz',526,2,n
j2ee',518,16,n
backup',512,16,n
netflow',510,6,n
blast',510,6,n
high-availability',510,0,n
relational-databases',508,2,n
get-cooking-in-cloud',506,0,n
sécurité',506,2,n
bash',502,10,n
external-commands',502,10,n
webinar',494,32,n
app-service',492,0,n
africa',490,0,n
ico',486,4,n
dos-network',486,10,n
writing',484,10,n
vnet',482,18,n
google-dataproc',478,4,
azure-virtual-network',476,2,
ethical-hacking',474,0,n
swift',472,0,n
vapor',472,0,n
enterprise-software',468,6,n
azure-key-vault',468,6,
sysmon',466,4,n
blue-team',466,4,n
dfir',466,4,n
azure-event-grid',462,10,
azure-sql-server',460,0,
spotify',460,0,n
data-breach',458,12,n
feedback',456,4,n
stock-market',456,0,n
full-stack',452,6,n
optical-character-recogn',452,6,n
ruby-on-rails',452,6,
ruby',452,6,
cto',451,6,n
azure-private-link',450,0,
ingress',448,12,n
heptio',448,8,n
accessibility',448,0,n
azure-cognitive-service',442,0,
speech-recognition',442,0,n
aws-api-gateway',440,2,
security-camera',438,0,n
cloud-native-apps',438,6,
certified-kubernetes',430,8,n
sonobuoy',430,8,n
pipeline',430,6,n
decentralized',428,2,n
ibm-developer',424,4,n
servers',424,0,n
azure-service-bus',420,12,n
business-strategy',415,3,n
application-modernization',414,30,n
google-maps',414,30,n
aws-certificate-manager',414,2,
aws-route53',414,2,
namecheap',414,2,n
hcl-technologies',408,4,n
hcl-sofy',408,4,n
but we don’t fact-check every story. For more info about the coronavirus,408,9,n
work',408,2,n
blazor',408,2,n
marshalling',406,0,n
xml',406,0,n
çorba',406,0,n
java-serialization',406,0,n
xdr',406,0,n
graalvm',406,2,n
nyc',404,8,n
hodl',402,26,n
tv-series',402,26,n
sator',402,26,n
cryptocurrency-investment',402,0,n
algorithms',400,4,n
istio',396,16,n
optimization',394,4,n
geth',394,6,n
azure-service-endpoints',392,0,
service-endpoint',392,0,
sol2proj',392,6,n
computer-validation',392,6,n
engineer',392,0,n
aws-training',391,4,n
waxosuit',390,0,n
gxp',388,6,n
information-security',386,0,n
bug-bounty',386,0,n
cloudnativenews',386,0,n
ide',386,0,n
gae',386,2,n
aws-cloud',386,0,
openstack',384,0,n
druid',380,12,n
cncf',378,0,n
social-media',378,0,n
d',378,28,n
kali-linux',372,2,n
data-mining',372,6,n
privacy',370,4,n
cloud-dataproc',368,4,
pyspark',368,4,
apis',366,10,n
dartlang',366,4,n
azure-logic-apps',364,8,
",'",363,14,n
gcloud',362,2,n
mongo',360,0,n
disk',360,4,n
shrink',360,4,n
azure-virtual-machines',358,2,
product-design',358,0,n
mayfield',356,2,n
navin-chaddha',356,2,n
vivek-saraswat',356,2,n
kappa-architecture',356,2,n
vpc',350,20,
aws-vpc',350,18,
google-cloud-certified',350,12,n
hashgraph',350,0,
hbar',350,0,
distributed-ledgers',350,0,
integration',346,8,n
disaster-response',346,6,n
vps',344,0,n
hyperledger-fabric',344,0,
ibm-blockchain-network',344,0,
docker-swarm',344,12,
series-a',342,6,n
portfolio-news',342,6,n
wso2-api-manager',342,0,n
5g',340,0,n
skaffold',338,0,n
book-review',338,0,n
tools',338,4,n
techonology',338,0,n
amazon-web-',335,1,n
mentGroupSet',335,1,n
__typename',335,1,n
539d84012a4',335,1,n
"e},'",335,1,n
cointiger',332,0,n
open-source-software',332,2,n
firebasecloudmessaging',330,2,n
front-end-development',330,0,n
azure-sql',330,0,
cdn',330,16,n
efficiency',330,16,n
grpc',328,4,n
identityserver4',328,4,n
ml-model-deployment',328,0,n
graph',328,0,
freelancing',328,2,
restful-api',326,12,
"u\'is_male_0\',</em><br>  <em class=""kp"">#     u\'is_male_1\'",326,9,n
"u\'plurality_Multiple\',</em><br>  <em class=""kp"">#     u\'plurality_1\'",326,9,n
"u\'plurality_4\',</em><br>  <em class=""kp"">#     u\'plurality_5\']</em><br>  [[24",326,9,n
<br>   [34,326,9,n
\'skl\')<br>response = api.projects().predict(body=request_data,326,9,n
that when seeded (i.e. activated intentionally),326,9,n
may further activate a large portion of the network through a viral contagion process.\nIndeed,326,9,n
you must know how you are going to evaluate your results,326,9,n
or what the evaluation metric is. In this post,326,9,n
we looked at : Part 1 : Basic in-built features in Python like functions,326,9,n
data types,326,9,n
date/time,326,9,n
map,326,9,n
reduce,326,9,n
filter,326,9,n
lambda functions etc. Part 2 : Numpy library for creating,326,9,n
accessing and manipulating arrays In this article,326,9,n
hyperparameter optimization and predictions. Until recently,326,9,n
that was only for TensorFlow. Recently,326,9,n
the team has implemented all three capabilities for scikit-learn. In this article,326,9,n
"eval_query = create_queries()\\n  train_query = \\""{} {}\\"".format(train_query",326,9,n
"sample)\\n  eval_query =  \\""{} {}\\"".format(eval_query",326,9,n
and I will do that in the final step,326,9,n
when training on the service. For developing the model,326,9,n
n_estimators=100,326,9,n
random_state=0)\\nestimator.fit(train_x,326,9,n
I am training on 1\\u002F10 of the full dataset. To train on the full dataset,326,9,n
write out a summary metric after evaluation. This is the code,326,9,n
open-source-cloud',326,2,n
azure-synapse-analytics',323,3,n
web-app-development',322,10,n
defi',322,4,n
interview',320,0,n
monitor',318,2,n
azure-paas',316,0,
tanka',314,2,n
haiku',314,2,n
zengularity',314,0,n
habib-guergachi',314,0,n
mise-en-production',314,0,n
application-architecture',314,0,n
windows-10',312,8,n
lambda',312,4,n
software-design',312,2,n
twitter',312,8,n
rancher',312,0,n
cloud-computing-sale',310,0,n
 Service reserves all rights to interpret this product and agreement.',310,0,n
ts to interpret this product and agreement.',310,0,n
d agreement.',310,0,n
ref',310,0,n
create-react-app',308,4,n
bi',308,0,n
data-processing',304,0,n
https',302,8,n
google-adwords',302,8,n
snowpro',298,4,n
sitecore',298,8,n
event-hubs',296,4,n
code',296,10,n
fundamentals',294,4,n
türkçe',292,10,n
business-startup-services',292,4,n
cloud-computing-companies',292,4,n
projects',292,10,n
container-engine',292,10,n
ibm-cloud',288,0,n
cloud-vision-api',288,10,
e-ktp',288,10,n
authorize-logins',288,0,n
5',285,0,n
windows',284,2,n
avalanche',284,0,n
staking',284,0,n
azure-storage-queue',284,8,n
"null,'",283,0,n
aining\\u002Fwhy-you-should-avoid-aws-exam-dumps\\u002F',283,0,n
inkMetadata',283,0,n
 Interview Questions',283,0,n
aph:7ba06c2a743_186',283,0,n
python-web-developer',282,6,n
customer-engagement',282,0,n
gradle',282,0,n
gke',280,6,
polardb',280,0,
identity-and-access',278,0,
digital',278,0,n
retail',278,2,n
blobstore',278,0,
ludwig',276,4,n
colab',276,4,n
azure-databricks',274,6,
cc184b9711e1b4764040d3dc5c07&schema=lcontacts',273,1,n
User:c7899df0cba0',273,1,n
"ue,'",273,1,n
erCake',273,1,n
o',273,1,n
35529fe792_37',273,1,n
elastic-compute-service',272,4,n
</strong></p><figure class=',272,3,n
cudos',272,4,n
summit',272,0,n
denver',272,0,n
"ll},'",270,3,n
tartIndex',270,3,n
:d6336a225756_74',270,3,n
agraph:d6336a225756_75',270,3,n
platform-engineering',270,0,n
medium-turkish',270,10,n
cluster',266,0,n
az-104',266,0,n
azure-administrator',266,0,
ex',266,0,n
ibm-watson',264,0,n
hadoop',264,0,
event-grid',264,4,n
kovan',264,0,n
red-team',264,0,n
los-angeles',264,2,n
codingbootcamp',264,2,n
training-courses',264,2,n
lets-encrypt',264,0,n
magento',264,2,n
magento-cloud',264,2,n
spanish',264,2,n
federation',262,0,n
external-dns',262,0,n
kubefed',262,0,
orchestration',262,0,
PercentX',260,0,n
migration',258,4,n
microsoft-graph',258,4,
microsoft-graph-bindings',258,4,
物聯網',256,0,n
微軟',256,0,n
行銷策略',256,0,n
pakistan',256,4,n
partitioning',254,4,n
unified-communication',254,4,n
phone',254,4,n
developing-countries',254,4,n
az-900-exam-question',252,2,n
azure-certification',252,2,n
microsoft-azure-certified',252,2,n
data-folks-indonesia',252,0,n
indonesia',252,0,n
raspberry-pi',250,10,n
bpmn',250,2,n
case-study',250,2,n
camunda',250,2,n
k',248,2,n
rvices',248,2,n
uction-to-quarkus-cloud-native-java-apps-e205ae702762',248,2,n
-native-java-apps-e205ae702762',248,2,n
ED',248,2,n
node-js-tutorial',246,8,n
aks',246,4,n
service-discovery',246,2,n
jwt',244,0,n
webgl',244,2,n
3d-design',244,2,n
threejs',244,2,n
product-management',244,6,n
cloud-design-patterns',242,0,n
cloud-dataflow',240,8,
naturallanguageprocessing',238,4,n
spring',236,10,
introvert',236,2,n
devlife',236,6,n
jvm',234,0,n
ballerinalang',234,6,n
production-readiness',234,6,n
es6',234,4,n
forms',232,4,n
qtum',232,2,n
phala',232,0,n
bitcountry',232,0,n
metaverse',232,0,n
meta',232,0,n
sap-cloud-platform',232,0,n
sap-hana',232,0,n
economics',230,2,n
ecommerce',230,0,n
smart-cities',230,0,n
awsreinvent',230,0,n
loki',228,0,n
azure-iot-edge',228,4,n
dbt',228,2,n
dp-100',228,0,n
snowpipe',228,0,
data-pipeline',228,0,
tips-and-tools',228,4,
phones',228,4,
unified-communications',228,4,
mac',226,10,
azure-expressroute',226,6,
azure-vpn-gateway',226,6,
azure-networking',226,6,
azure-hybrid',226,6,
poetry-on-medium',224,10,
twelve-factor',222,8,
bar8',222,4,
abap',222,4,
sap-cloud',222,4,
wso2-api-cloud',220,0,
user-validation',220,0,
jasypt',220,0,
learn-to-code',220,0,
data-management',218,0,
ec2',218,0,
cloud-spanner',218,10,
codebase',218,8,
dependency-injection',218,8,
spirituality',216,8,
text-to-speech',216,6,
codemania100',216,2,
codemania',216,2,
the-lark',214,0,
loss',214,0,
healing',214,0,
event-driven-architecture',212,4,
dts',212,2,
multicloud',212,2,
newsletter',212,0,
selenium',210,0,
nginx-ingress',208,4,
ckad',208,4,
maven',208,0,
coffee2021',208,0,
online-learning',208,2,
cloud-learning',208,2,
googlecloud',208,0,
vpc-network',208,2,
google-assistant',206,2,
js',206,6,
apache-drill',206,0,
stream-analytics',206,0,
typename',206,9,
inalWidth',206,9,
"null},'",206,9,
snapchat',206,16,
higher-education',204,0,
cloud-firestore',204,0,
containerless',204,0,
google-cloud-pubsub',204,0,
ocr',202,2,
html',202,0,
static-site',202,0,
cloud-associate-engineer',202,0,
cloudfoundry',202,0,
ontology',200,2,
partnership',200,2,
hedge-funds',200,0,
techstars',200,0,
cloud-address-book',200,0,
image-for-windows',198,0,
image-backup',198,0,
file-backup',198,0,
google-translate',198,4,
turkce',198,4,
earth-engine',198,6,
conservation',198,6,
earth-outreach',198,6,
tips',194,2,
django',194,0,
amazon-echo',194,4,
alexa',194,4,
data-architecture',192,4,
product-development',192,6,
cloud-operating-model',192,0,
encryption',192,4,
vaex',190,0,
 ',190,0,
 \\',190,0,
"bigquery""},'",189,14,
"868,'",189,14,
VqL77kFwUwHKg.png',189,14,
eight',189,14,
_typename',189,14,
Metadata:1*fZuuns16IPQBPUM7ABf0tA.png',189,14,
tA.png',189,14,
ocusPercentY',189,14,
mobile-apps',188,2,
cloud-native-application',188,0,
powerbi',188,0,
odbc',188,0,
google-partnership',188,2,
firebase-grant',188,2,
hackernoon-letter',188,2,
genetics',188,0,
google-genomics',188,0,
compliance',188,2,
deis',188,6,
benchmarking',187,0,
entity-framework',186,0,
pytorch-lightning',186,0,
ak',184,2,
ido',184,4,
occamrazer',184,4,
cardano',184,4,
openpaas',184,0,
site-reliability',180,6,
smart-cars',178,2,
iiot',178,2,
google-big-query',176,2,
google-drive',176,2,
variantspark',174,0,
csiro-bioinformatics',174,0,
solidity',174,2,
quarkus',172,2,
kotlin',172,2,
rna-seq',172,0,
"ull,'",172,0,
compatibility',172,2,
api-design',172,2,
platforms-software',172,2,
websocket',172,0,
socketio',172,0,
haproxy',172,0,
azure-iot',170,8,
2017-product',170,8,
ios',170,2,
guidelines',170,0,
ux-design',170,0,
documentation',170,0,
gcp-credit',170,0,
features',170,0,
tutorials',170,0,
silicon-valley',168,0,
go-to-market',168,0,
cloud-iaas',168,0,
service-model',168,0,
databases',166,0,
經濟新聞',166,0,
azure-ad',164,2,
engineering-leadership',164,0,
data-analysis',164,0,
data management,164,0,
looker',164,2,
cloud-computing-models',164,2,
redhat-openshift',162,0,
keyvault',162,0,
bulut',162,0,
mercedes-benz',160,0,
cars',160,0,
single-page-applications',160,0,
alDek',159,0,
urationStatus',159,0,
metaDescription',159,0,
full-cycle-developer',158,0,
acrostic',158,0,
alphabet',158,0,
fun',158,0,
words',158,0,
innovation',158,10,
datastax',156,0,
marketplace',156,0,
clean-architecture',156,4,
repository-pattern',156,4,
functions-as-a-service',156,8,
golang-tutorial',156,30,
leadership',154,0,
agile-development',154,2,
pizza',154,0,
pizza-hut',154,0,
time-series-database',152,0,
data-storage',152,0,
p class=',151,9,
aragraph:4b5c0e296b01_25',151,9,
xtapeMetadata',151,9,
picks',150,2,
fugue',150,2,
biligunb',148,2,
билигүнб',148,2,
nameserver',148,0,
구글',148,0,
클라우드',148,0,
cloud-accounting',148,10,
gateway',146,4,
rust',146,0,
microsoftlearn',146,4,
developers',146,4,
cloud-management',144,0,
TS_RESERVED',143,1,
guide',142,0,
web-design',142,2,
collaboration',140,0,
innovazione',140,2,
google-italia',140,2,
digitale',140,2,
wtf',140,0,
money',138,0,
datacenter',138,0,
enterprise-infrastructure',138,0,
virtualization',138,0,
google-dataflow',136,0,
pardo',136,0,
aem',136,2,
jira',136,0,
azure-messaging',136,4,
azure-queue-storage',136,4,
azure-service-bus-topic',136,4,
logstash',136,0,
remote-working',136,0,
metrics',134,2,
sql-managed-instance',134,0,
azure-sql-mi',134,0,
windows-server',134,0,
bootstrapping',134,0,
web-server',134,0,
spinnaker',134,2,
managed-instance',132,0,
video-production',132,10,
health-technology',132,10,
me',131,0,
external-hard-drive',128,4,
neural-networks',126,2,
engineering',126,6,
us-immigration',126,10,
canada-immigration',126,10,
unicorn-project',126,2,
scala',124,0,
consortium',124,4,
jenkins-pipeline',122,6,
legaltech',122,4,
mageMetadata',120,0,
isPublished',120,0,
sShortform',120,0,
ake',120,0,
WT: Apigee & Azure Active Directory Integration — A JWT Story',120,0,
azure-ad-b2c',120,0,
google-cloud-sql-proxy',120,6,
culture',120,0,
reputation',120,0,
trust',120,0,
it-service-management',118,0,
suppliers',118,0,
service-catalog',118,0,
irm',116,2,
process-automation',116,0,
automl-vision',116,2,
google-automl',116,2,
nanobox',116,0,
science',114,4,
kubecon',112,2,
covid-19',112,0,
public-enemy',112,0,
carbon-footprint',112,0,
decluttering',112,0,
ipo',110,0,
girisim',110,0,
parti',110,0,
dokku',110,0,
jetruby-technical',110,0,
openvpn',108,0,
azure-profitable',108,12,
china',108,0,
json',108,0,
cloud-best-practices',106,0,
sofa',106,0,
hydrogen',106,0,
storage-integration',104,0,
geospatial-data',104,2,
deploy',102,2,
cnmdh',102,0,
okrs',102,0,
azure-durable-functions',102,2,
azure-durable',102,2,
hillary-clinton',102,0,
2016-election',102,0,
donald-trump',102,0,
caprover',102,0,
traefik',100,0,
amazon-drive',100,0,
event-scheduler',100,0,
data-intelligence',100,0,
mvp',100,0,
crust',100,0,
polkadot',100,0,
oraclecloud',100,0,
obcs',100,0,
clevercloud',98,4,
application',98,0,
cosmosdb',98,0,
source-code',96,4,
documentdb',96,2,
ering',95,0,
64abf',95,0,
letter',95,0,
pc',94,4,
storage-device',94,4,
open-liberty',94,0,
waves',94,4,
smart-contracts',94,4,
collectd',92,2,
google-certification',92,0,
career-advice',92,0,
azure-migration',92,8,
hubspot',92,2,
tes',91,0,
netes',91,0,
Id:lo_c2bbcf218a84',91,0,
noIndex',91,0,
"1595688468445,'",91,0,
ime',91,0,
ate',91,0,
metadata',90,0,
awscloud',90,6,
real-estate',90,6,
vr',90,6,
insights',90,6,
psm',90,2,
app-container-cloud',90,2,
sustainability',90,0,
articles',90,0,
enterprise',88,4,
FF7984AC',88,0,
reporting',88,0,
asg',88,0,
nsg',88,0,
swagger',88,0,
rest',88,0,
alpaca-tutorial',88,2,
mern-stack',86,2,
mern',86,2,
tWQ.png',85,0,
rtup',85,0,
repreneurship',85,0,
:appirio',85,0,
@narinder\\u002Fappirio-lessons-from-the-untold-stories-ef8482280f48',85,0,
essons-from-the-untold-stories-ef8482280f48',85,0,
8482280f48',85,0,
security-as-code',84,0,
shiftleft',84,0,
virtual-networks',84,2,
azure-vnet',84,2,
peering',84,2,
public-data',84,4,
fantasy-football',84,2,
fantasy-sports',84,2,
message-queue',84,0,
government',82,0,
interoperability',82,0,
Google Play\',82,0,
Blockchain,82,0,
now leveraged by thousands of large corporate partners to deploy countless applications,82,0,
ranging from machine learning to data warehousing — and now,82,0,
within an environment they can understand and control. It’s a sandbox,82,0,
property managers,82,0,
leasing officers,82,0,
maintenance techs,82,0,
if visited by a broker,82,0,
and now with Azure integration,82,0,
it can be done as part of an incremental transition toward decentralization,82,0,
please see the Microsoft Azure website,82,0,
load-balancer',80,2,
terragrunt',80,2,
traffic-manager',80,2,
front-door',80,2,
batch',80,0,
visualization',80,2,
facts',80,0,
truth',80,0,
python-programming',78,2,
platform-as-a-service',76,4,
remote-backend',76,2,
vertex-ai',76,2,
long-reads',76,0,
company',76,0,
brands',76,0,
objects',76,0,
number-crunch',76,0,
rackspace',76,0,
the-ticker',76,0,
companies',76,0,
azure-data-lake',76,2,
object-store',76,0,
viadeo',74,0,
sky-high-applications',74,0,
function-compute',74,0,
azure-subscription',74,8,
azure-management-group',74,8,
azure-resource-group',74,8,
azure-governance',74,8,
google-cloud-engine',74,0,
vm-instances',74,0,
service-registry',74,0,
low-code',72,4,
slack',72,12,
predictions',72,0,
clojure',72,0,
oreilly',72,0,
business-development',72,0,
graph-database',72,0,
udacity',72,2,
":null,'",71,1,
cloud-computing-training',70,4,
peer-to-peer',70,4,
kafta',70,0,
30-day-challenge',70,0,
postgres',70,2,
conseillers-numeriques',70,4,
suisse-romande',70,4,
essai-gratuit',70,4,
visual-builder',68,2,
cloud-computing-courses',66,0,
cloud-computing-online',66,0,
iiht',66,0,
cloud-courses',66,0,
network-security',66,2,
knowledge,66,0,
gaming',66,0,
data-catalog',66,2,
environment',66,2,
impersonation',66,8,
gcloud-commands',66,8,
fusion',66,0,
data-visualization',64,0,
cve-2020-1350',64,0,
bluepot',64,0,
honeypot',64,0,
vechain',64,0,
vechainthor',64,0,
chrome',64,0,
web-developer',64,0,
random-thoughts',64,0,
firebolt',62,2,
israeli-startups',62,2,
model-deployment',62,0,
workspace',62,0,
chmura',62,0,
curl',60,0,
oauth2',60,0,
team-foundation-server',60,8,
awscertr-devops',60,8,
azure-private-endpoint',58,0,
private-link-service',58,0,
comparison',58,2,
eks',56,6,
workflow',56,0,
classification',56,6,
web-apps',56,0,
cicd',56,0,
churn',56,0,
customer-lifetime-value',56,0,
housing',54,2,
future',54,2,
sharing-economy',54,2,
elastic-beanstalk',52,10,
object-storage-services',52,0,
dcos',52,0,
name',52,0,
product-strategy',52,0,
interview-questions',52,0,
kenya',52,0,
bahasa-indonesia',52,0,
rolling-updates',52,0,
apache-hadoop',52,2,
aws-certified',51,4,
ublishToEmail',51,4,
tle',51,4,
atus',51,4,
chain-link',50,2,
consensys',50,2,
tunnel',50,0,
domain-driven-design',50,0,
github-pages',50,2,
data-visualisation',50,0,
planning',50,4,
entity-framework-core',49,0,
riantFlagBoolean',49,0,
riantFlag',49,0,
Flag',49,0,
gBoolean',49,0,
xpansion',49,0,
apache-apisix',48,4,
etcd',48,4,
etcdctl',48,4,
fortrabbit',48,1,
loud (PaaS) with file system with persistence',48,1,
bill-of-materials',48,0,
ericsson',48,0,
telstra',48,0,
telecommunication',48,0,
brute-force-attack',48,0,
gcp-essentials',48,0,
secrets',46,0,
single-sign-on',46,2,
analyticdb',46,0,
python3',46,0,
gcp-secret-manager',46,0,
workflow-automation',44,0,
slackbot',44,4,
bot-framework',44,0,
market-research',44,0,
gitlab',44,6,
oud-platform',43,0,
:sql-server',42,3,
Slug',42,3,
"ull},'",42,3,
"}],'",42,3,
"se,'",42,3,
"e,'",42,3,
t',42,0,
design-thinking',42,0,
epigenomics',41,0,
enting',41,0,
podcasts',41,0,
ogo',41,0,
2F\\u002Fcdn-images-1.medium.com\\u002Fmax\\u002F383\\u002F1*haCUs0wF6TgOOvfoY-jEoQ@2x.png',41,0,
custom-app-development',40,0,
adobe',40,0,
":false,'",40,0,
adf',40,2,
cfo',40,0,
container-builder',40,0,
api-client-libraries',40,0,
cloud-client-libraries',40,0,
api-explorer',40,0,
app-default-credentials',40,0,
scale',38,0,
luis',38,2,
sales',38,2,
c',36,0,
bernetes',36,0,
ion',36,0,
"0,'",36,0,
ayout',36,0,
politics',36,0,
"javascript""},{""__ref"":""Tag:paas""},{""__ref""'",36,0,
-a-95074e90bd50',36,0,
eries',36,0,
ervices',36,0,
Carrier',36,0,
er-traceid',36,0,
pled',36,0,
EM',35,1,
puting',35,1,
shed',35,1,
layerCake',35,1,
the Cloud Native Computing Foundation',35,1,
ndation',35,1,
elections',34,0,
gadgets',34,0,
monolith',34,0,
patterns',34,0,
satellite-technology',34,0,
envoy',34,0,
space',34,0,
space-exploration',34,0,
cloud-infrastructure',34,0,
developer-productivity',34,0,
in most enterprises,33,0,
and their IT teams lacked growth recognition. As a result,33,0,
SOA degenerated into project operation support,33,0,
the ESB architecture decouples business logic from service integration,33,0,
which allows better centralized service governance. However,33,0,
the reusability of business systems is emphasized,33,0,
or even overemphasized. As a result,33,0,
a large amount of service integration implementation logic is sunk into the ESB,33,0,
as shown in the rightmost part of the preceding figure. Such logic is very difficult to maintain,33,0,
migrate,33,0,
and extend,33,0,
as the Internet grows rapidly,33,0,
so that users could enjoy extensive communication services with only a dummy terminal. However,33,0,
as smartphones gained in popularity,33,0,
the innovation of distributed collaboration tools such as Facbook and Whatsapp,33,0,
and WeChat and DingTalk in China,33,0,
and especially with the advent of mobile Internet,33,0,
the economic pattern of the whole world changed dramatically. In particular,33,0,
the focus of the enterprise IT architecture changed from the conventional systems of record,33,0,
such as enterprise resource planning (ERP) and supply chain management (SCM),33,0,
to systems of engagement,33,0,
which greatly improves business agility. In addition,33,0,
the division of a large single application into multiple microservices makes the R&D collaboration,33,0,
delivery,33,0,
and maintenance of the IT system more complex. Fortunately,33,0,
DevOps and containers are naturally integrated with the microservices architecture,33,0,
from the perspective of implementation,33,0,
for example,33,0,
the challenges of service discovery,33,0,
fusion,33,0,
throttling,33,0,
and end-to-end tracking. Microservices frameworks,33,0,
such as HSF,33,0,
Dubbo,33,0,
or Spring Cloud,33,0,
service communication and governance are to horizontally connect systems of different departments,33,0,
and therefore is orthogonal to the business logic. However,33,0,
in the microservices architecture,33,0,
the implementation and lifecycles are coupled with the business logic,33,0,
code libraries are usually bound to specific languages,33,0,
and therefore,33,0,
decentralization not only ensures the scalability of the system,33,0,
IBM,33,0,
collects telemetry data,33,0,
and implements service governance policies. On the control plane,33,0,
the galley manages configurations,33,0,
the pilot delivers configurations,33,0,
the mixer checks policies and aggregates telemetry data,33,0,
such as service discovery and load balancing,33,0,
progressive delivery (also called phased release),33,0,
chaos injection and analysis,33,0,
end-to-end tracking,33,0,
they seek to improve the automated maintenance of service meshes. For example,33,0,
you can offload the mixer to sink governance policies to the data plane. In addition,33,0,
Kubernetes provides basic meta-languages such as services,33,0,
ingress,33,0,
end-to-end observability,33,0,
but also inevitably increases performance overhead. To systematically resolve this problem,33,0,
the community is conducting interesting explorations. For example,33,0,
in the Cillium container network,33,0,
capabilities of operating systems and underlying networks,33,0,
the data links of the service mesh are optimized to reduce context switching and data copying,33,0,
new concepts and projects will be continuously created,33,0,
with new technologies rapidly emerging,33,0,
we not only need to embrace the architectural changes brought by new technologies,33,0,
2020 723 By Yi Li,33,0,
interested on DApps,33,0,
Solidity,33,0,
Flutter,33,0,
cli',32,6,
script',32,6,
crm',32,2,
cpu-cores',32,2,
ipaas',32,2,
scrum',32,2,
data-migration',30,4,
hardware-security-module',30,2,
hsm',30,2,
horror-movies',30,0,
growth',30,0,
saas-app-development',30,0,
software-as-a-service',30,0,
product-as-a-services',30,0,
cloud-service-models',30,0,
tecnologia',30,0,
español',30,0,
saas-marketing',30,0,
pricing',30,0,
cost-calculator',30,0,
rbac',30,0,
dialogflow',28,0,
actions-on-google',28,0,
site-reliability-engineer',28,0,
technology-trends',28,2,
industrial-iot-solutions',28,0,
thingworx',28,0,
analytics-platforms',28,0,
backend-development',26,6,
third-party',26,6,
soap-api',26,6,
getting-started',26,0,
minikube',26,0,
kubectl',26,0,
stamplay-updates',26,0,
marketplaces',26,0,
b2b',26,0,
appengine',26,0,
icp',24,2,
psp',24,2,
clusterrole',24,2,
enforcement',24,2,
faun',24,0,
"kubernetes""},{""__ref"":""Tag:'",24,0,
sibility',24,0,
coronavirus',24,2,
connected-devices',24,2,
dijital-dönüşüm',24,0,
regions',24,0,
intellij',24,0,
ui',22,0,
raph:cb108e6b487c_23',22,0,
her reading',22,0,
ph:cb108e6b487c_24',22,0,
h:cb108e6b487c_25',22,0,
Fwww.webroot.com\\u002Fgb\\u002Fen',22,0,
aragraph:cb108e6b487c_84',22,0,
ipfs',22,0,
filecoin',22,0,
java-ee',22,2,
sidecar',22,0,
prana',22,0,
netflixoss',22,0,
free-services',22,0,
startup-life',22,0,
buildpack',20,0,
firewall',20,0,
elearning',20,0,
programming-languages',20,0,
beginners',20,0,
verizon',20,0,
cota-capital',20,0,
sso',20,2,
function-as-a-service',20,0,
tech-share',20,0,
sim',20,0,
eventhubs',20,0,
streamanalytics',20,0,
google-container-builder',20,2,
dockerfile',20,2,
key-management-service',18,0,
aws-kms',18,0,
infographics',18,0,
digital-government',18,0,
transformation',18,0,
bit',18,3,
workers',18,0,
top-hits',18,0,
upgrade',18,0,
ubuntu-20-04',18,0,
poem',18,0,
wcf',18,0,
jelastic',18,0,
airflow',17,0,
ud-platform',17,0,
atform-gcp-5b2e77b0e3ba',17,0,
PUBLIC',17,0,
LL_RIGHTS_RESERVED',17,0,
sd-wan',16,6,
sdn',16,6,
kubernete',16,2,
double-11',16,0,
ant-financials',16,0,
weekly-selection',16,0,
cloud-native-products',16,0,
evolution-of-cloud',16,0,
evolution-of-cloud-native',16,0,
coreos',16,0,
enabling-technology',16,0,
bpm',16,0,
access-control',16,0,
static-ip',16,0,
spring-cloud-config',14,2,
mobile-gaming',14,0,
insurtech',14,0,
industry-4-0',14,0,
internal-communications',14,0,
docker-ce',14,2,
centos-8',14,2,
application-development',14,0,
social',14,0,
medium',14,0,
connect-platform',14,0,
media-center',12,0,
anthos',12,2,
spring-actuator',12,2,
hackernoon',12,2,
obsidian',12,0,
career-development',12,0,
cloud-technology',12,4,
listings',12,2,
competition',12,2,
akash-network',12,2,
akt',12,2,
the-bit-podcast',12,2,
talks',12,4,
multimedia',12,0,
remote-learning',12,0,
chite',11,0,
"database""'",11,1,
coud-pentesting',10,0,
cloud-penetration-testing',10,0,
aws-penetration-testing',10,0,
cloud-security-assessment',10,0,
aws-iam',10,0,
basic-networking',10,2,
smtp-form-ec2',10,2,
gmail-smtp',10,2,
time-series-analysis',10,0,
facebook-prophet',10,0,
performance-testing',10,0,
geoprocessing',10,0,
grid-computing',10,4,
code-school',10,0,
other',10,0,
resource-monitoring',10,0,
resource-management',10,0,
cloud-computing-solutions',10,0,
iac',10,0,
pulumi',10,0,
micro-paas',10,0,
insurance',10,2,
cloud-tpu',10,0,
continous-integration',10,0,
continous-deployment',10,0,
dataproc',10,2,
flash-fiction',8,0,
"services"":{""id"":""services"",""__typenam'",8,1,
ginalHeight',8,1,
evelopment',8,1,
s',8,1,
re',8,1,
umUrl',8,1,
ring\\u002Flarge-message-handling-with-kafka-chunking-vs-external-store-33b0fc4ccf14',8,1,
ing-with-kafka-chunking-vs-external-store-33b0fc4ccf14',8,1,
adobeio',8,0,
extensibility',8,0,
integrations',8,0,
adobe-experience-manager',8,0,
spring-cloud',8,0,
standards',8,0,
cloud-native-guide',8,0,
cost-optimization',8,0,
css',8,0,
chips',8,0,
intranet',8,0,
web-app',8,2,
vnext',8,2,
adopting-microservices',8,0,
lolissue',8,2,
storytelling',8,2,
cognitive-computing',8,0,
singapore',8,2,
lifestyle',8,2,
coinbase',8,0,
envoy-proxy',6,0,
config-server',6,0,
earth-observation',6,0,
containerization',6,0,
disruption',6,0,
aelf',6,0,
aelfcommunity',6,0,
fog-computing',6,0,
auth0',6,4,
vertx',6,0,
gdal',6,0,
create-overviews-tiles',6,0,
validate-cog',6,0,
cloud-optimized-geotiff',6,0,
powtoon',6,0,
sandboxdemoday',6,0,
gdpr-compliance',6,0,
ccpa-compliance',6,0,
regtech',6,0,
servicenow',6,0,
appian',6,0,
webrtc',6,0,
video-conferencing',6,0,
dockerfiles',6,0,
devops-training',6,0,
devops-practice',6,0,
machinelearning',6,0,
business-apps',6,0,
product-protocol',6,2,
ieo',6,2,
humor',6,2,
tsuru',6,0,
tsuru-paas',6,0,
r-team-f52f587d2a0f',6,0,
esponses',6,0,
ponses',6,0,
ostResponses',6,0,
"pe"":'",6,0,
codefresh',6,0,
angular-4',6,0,
keras',6,0,
data-governance',4,0,
data-lineage',4,0,
istio-service-mesh',4,0,
axios',4,0,
axios-react',4,0,
open-policy-agent',4,0,
declarative-programming',4,0,
releases',4,0,
wa-tutorial',4,0,
wa-announcement',4,0,
wa-editorial',4,0,
watson-assistant',4,0,
satellite-imagery',4,0,
feature-flags',4,0,
p2p',4,0,
operations',4,0,
api-first',4,0,
nyu',4,0,
graduate-school',4,0,
sonm',4,0,
eth',4,0,
k-12-education',4,4,
workforce-development',4,4,
technical-education',4,4,
climate-change',4,0,
josh-lovison',4,0,
ux',4,0,
cloud-api',4,0,
msft',4,0,
cognitive-services',4,0,
dx',4,0,
kanban',4,0,
csv',4,0,
paas-solutions',4,0,
雲端服務',4,0,
科技運算',4,0,
french',4,0,
no-code',4,2,
crowdbotics',4,0,
disruptive-innovation',4,0,
blockchain-project',4,0,
solution-architecture',4,0,
idm',4,2,
ldap',4,2,
share',4,0,
streaming-transfers',4,0,
apache-nifi',2,0,
6',2,0,
e2f36a3e5c_37',2,0,
Paragraph:26e2f36a3e5c_38',2,0,
1c3982',2,0,
rV3',2,0,
*k7J_PpeFqdPM4TES4Pt_zA.jpeg',2,0,
cb9',2,0,
982',2,0,
ai-platform',2,0,
dynamodb',2,2,
photography',2,0,
managed-services',2,0,
blogging',2,0,
log-management',2,0,
landsat',2,0,
native-dev-workflow',2,0,
stripe',2,0,
stripe-payment',2,0,
professional-development',2,0,
pinterest',2,0,
patroni',2,0,
javascript-tips',2,0,
npm',2,0,
prometheus',2,0,
opentracing',2,0,
apache-camel',2,0,
efoundations',2,6,
eduserv-foundation',2,6,
careers',2,0,
enterprise-architecture',2,0,
noops',2,0,
history-of',2,0,
infosec',2,0,
deutsch',2,0,
cloud-trends',2,0,
arm',2,0,
microcontrollers',2,0,
ankr',2,0,
computer',2,0,
thoughts',2,0,
mapping',2,0,
cartography',2,0,
google-spreadsheets',2,0,
basics',2,0,
filesystem',2,0,
haunted-by-murder',2,2,
internal-conflict',2,2,
is-it-just-life',2,2,
stadia',2,0,
perfume',2,0,
society',2,0,
knative',2,0,
gloo',2,0,
gamp5',2,0,
"gamp5"":{""id"":""gamp5"",""__typename"":""Tag""},""ImageMetadata:1*dQKv9pT7'",2,0,
ci',2,2,
cd',2,2,
virtualbox',2,2,
ibm-bluemix',2,0,
product-marketing',2,0,
naming',2,0,
feminism',2,0,
pakistani-drama',2,0,
infidelity',2,0,
meray-paas-tum-ho',2,0,
financial',2,0,
microk8s',2,2,
command-line',2,0,
int',1,0,
".9},{'",1,0,
icsId',1,0,
ImageMetadata:1*RGIr3K7fX-fpxdKDckjTfQ.png',1,0,
cloud-armor',0,0,
cloud-load-balancers',0,0,
spyder',0,0,
ipython',0,0,
ssh-tunnel',0,0,
data-ingestion',0,0,
batch-processing',0,0,
data-ingest',0,0,
"false,'",0,0,
nigeria',0,0,
cloud-networking',0,0,
virtual-private-cloud',0,0,
connectivity',0,0,
frankfurt',0,0,
cloud-enterprise-network',0,0,
global-accelerator',0,0,
circuit-breaker',0,0,
gcr',0,4,
imagepullbackoff',0,4,
data-privacy',0,0,
data-protection',0,0,
cyber-attacks',0,0,
"tyles"",""ba'",0,0,
kgroundSpectrum',0,0,
#FF3079FF',0,0,
AD9FF',0,0,
Point',0,0,
ggleEmail',0,0,
y,0,0,
specializing in modernizing infra,0,0,
app,0,0,
process & work leveraging Cloud,0,0,
Data & AI. We empower our clients to accelerate towards the future of their business.',0,0,
tX',0,0,
Q_679WL0vDb9BqWSg.gif',0,0,
cusPercentY',0,0,
2c9a69e59a2af',0,0,
4',0,0,
18129823_77',0,0,
cc18129823_79',0,0,
cc18129823_80',0,0,
search',0,2,
life-hacking',0,2,
gmail',0,2,
vault',0,0,
pods',0,0,
lambda-function',0,0,
cloud-patterns',0,0,
spring-security',0,0,
hashicorp-vault',0,0,
data-transfer',0,0,
"l,'",0,0,
oracle-sales-cloud',0,0,
oracle-engagement-cloud',0,0,
prestashop',0,0,
web-hosting',0,0,
episerver',0,0,
dxc',0,0,
webapp',0,0,
cloud-dns',0,0,
multi-cloud-security',0,0,
vulnerability-assessment',0,0,
container-security',0,0,
dropbox',0,0,
server-farms',0,0,
nat-gateway',0,0,
egress',0,0,
nfs',0,0,
external-provisioner',0,0,
pvc',0,0,
data-scien',0,0,
plm',0,0,
spring-framework',0,0,
london',0,0,
beijing',0,0,
spring-session',0,0,
organisational-design',0,0,
pai',0,0,
apache-flink',0,0,
meetup',0,0,
open-data',0,0,
lyft',0,0,
YdysqsdGq0A.png',0,0,
riginalHeight',0,0,
f',0,0,
18a75_11',0,0,
agraph:d92ee0e18a75_12',0,0,
ef',0,0,
3',0,0,
datadog',0,0,
kubeflow',0,0,
rockset',0,0,
sequoia-new-partnerships',0,0,
jenkins-x',0,0,
transactions',0,0,
acquisition',0,0,
wasmedge',0,0,
ebpf',0,0,
coworking',0,0,
signal',0,0,
aws-cloudformation',0,0,
aws-marketplace',0,0,
risk-mitigation',0,0,
market-growth',0,0,
autoscaling',0,0,
cloud-cost-optimization',0,0,
web-security',0,0,
stx',0,0,
okteto',0,0,
turorial',0,0,
wifi',0,0,
tionStatus',0,0,
scription',0,0,
shedAt',0,0,
gTime',0,0,
cloud-basic',0,0,
pentagon',0,0,
wireline',0,0,
sme',0,0,
free-trial',0,0,
eleks-trends-blog',0,0,
"ll,'",0,0,
agenda-digitale',0,0,
articoli',0,0,
e-government',0,0,
politica',0,0,
quantum-computing',0,0,
kvm',0,0,
xen',0,0,
"},'",0,0,
tadata',0,0,
ImageMetadata:',0,0,
pImage',0,0,
cloud-transformation',0,0,
pandemic',0,0,
advice',0,0,
graph:c7b70f0b9e55_87',0,0,
h:c7b70f0b9e55_88',0,0,
89',0,0,
it',0,0,
gig-economy',0,0,
erp',0,0,
computing-conference',0,0,
busines',0,0,
renewable-energy',0,0,
green-energy',0,0,
green-technology',0,0,
green-tech',0,0,
aws-community-day',0,0,
healthcare-technology',0,0,
game-development',0,0,
woman-in-tech',0,0,
jargon',0,0,
vc',0,0,
express',0,0,
connection',0,0,
user-expereince',0,0,
samsung-galaxy',0,0,
battery-life',0,0,
aiops',0,0,
aws-reserved-instances',0,0,
aws-ris',0,0,
cloudmaster',0,0,
it-pro-training',0,0,
communication-design',0,0,
alde',0,0,
community',0,0,
cassini',0,0,
cassiniplm',0,0,
cloudplm',0,0,
saasplm',0,0,
query-optimization',0,0,
pgbouncer',0,0,
auto-scaling',0,0,
tec',0,0,
plat',0,0,
purpose',0,0,
linked',0,2,
aws-certifications',0,0,
mulesoft',0,0,
pwa',0,0,
amp',0,0,
boltops',0,0,
akropolis',0,0,
web3-foundation',0,0,
grant',0,0,
akro',0,0,
polkahub',0,0,
diego',0,0,
disney-world',0,0,
uber',0,0,
ondemand',0,0,
consulting-strategy',0,0,
technology-hits',0,0,
culture-numerique',0,0,
gitlab-ci',0,0,
virtual-assistant',0,0,
conversational-commerce',0,0,
cms',0,0,
craft-cms',0,0,
statamic',0,0,
programação',0,0,
desenvolvimento-web',0,0,
diy',0,0,
eos',0,0,
технологии',0,0,
каршеринг',0,0,
яндекс',0,0,
сервисы',0,0,
n',0,0,
autonomous-vehicles',0,0,
digital-garage',0,2,
google-developer-expert',0,0,
electronics',0,0,
chef',0,0,
change-management',0,0,
incident-management',0,0,
17-media',0,0,
sql-saturday',0,0,
enterprise-blockchain',0,4,
blockchain-as-a-service',0,4,
blockapps-strato',0,4,